t_h,C_axis,C_surf,C_bar,T_axis,T_surf,R_cm,C_max
0.000000,2.550000,2.499675,2.549846,28.000000,28.000000,2.000000,2.552250
0.083333,2.550000,1.666754,2.504325,28.003069,28.794225,1.978833,2.550000
0.166667,2.550000,1.449849,2.467198,28.090715,30.000263,1.957667,2.550000
0.250000,2.550000,1.296491,2.433854,28.420127,31.407956,1.936500,2.550000
0.333333,2.550000,1.238152,2.402818,29.051432,32.925165,1.915333,2.550000
0.416667,2.550000,1.177445,2.373173,29.938904,34.426266,1.894167,2.550000
0.500000,2.550000,1.131803,2.344588,31.046444,35.915661,1.873000,2.550000
0.583333,2.550000,1.095570,2.316839,32.299818,37.317938,1.859833,2.550000
0.666667,2.550000,1.066618,2.289847,33.644505,38.696095,1.846667,2.550000
0.750000,2.550000,1.042576,2.263379,35.024087,40.006653,1.833500,2.550000
0.833333,2.550000,1.020981,2.237344,36.408270,41.108188,1.820333,2.550000
0.916667,2.550000,1.002469,2.211693,37.755211,42.243572,1.807167,2.550000
1.000000,2.550000,0.984984,2.186352,39.052247,43.173018,1.794000,2.550000
1.083333,2.550000,0.969394,2.161276,40.276441,44.082984,1.778833,2.550000
1.166667,2.549999,0.954297,2.136432,41.418672,44.812219,1.763667,2.549999
1.250000,2.549995,0.940128,2.111783,42.469910,45.501170,1.748500,2.549995
1.333333,2.549983,0.926797,2.087330,43.425263,46.182217,1.733333,2.549983
1.416667,2.549950,0.913273,2.063050,44.295103,46.644264,1.718167,2.549950
1.500000,2.549873,0.900243,2.038940,45.068489,47.137889,1.703000,2.549873
1.583333,2.549712,0.887388,2.015009,45.752304,47.577581,1.690000,2.549712
1.666667,2.549412,0.874738,1.991271,46.357958,47.986879,1.677000,2.549412
1.750000,2.548884,0.862348,1.967721,46.895236,48.302115,1.664000,2.548884
1.833333,2.548023,0.849703,1.944358,47.370043,48.541908,1.651000,2.548023
1.916667,2.546725,0.837378,1.921182,47.774495,48.774655,1.638000,2.546725
2.000000,2.544838,0.825371,1.898189,48.124626,48.985898,1.625000,2.544838
2.083333,2.542279,0.812487,1.875443,48.424463,49.092153,1.619000,2.542279
2.166667,2.538954,0.799683,1.853001,48.666512,49.236544,1.613000,2.538954
2.250000,2.534840,0.787191,1.830827,48.877269,49.361120,1.607000,2.534840
2.333333,2.529790,0.774786,1.808956,49.062440,49.470281,1.601000,2.529790
2.416667,2.523756,0.762744,1.787376,49.220385,49.573580,1.595000,2.523756
2.500000,2.516694,0.750702,1.766090,49.353689,49.663098,1.589000,2.516694
2.583333,2.508663,0.739080,1.745067,49.465861,49.720770,1.582833,2.508663
2.666667,2.499567,0.727749,1.724322,49.560914,49.776974,1.576667,2.499567
2.750000,2.489462,0.716459,1.703839,49.644363,49.802834,1.570500,2.489462
2.833333,2.478339,0.705719,1.683617,49.710923,49.868128,1.564333,2.478339
2.916667,2.466201,0.694737,1.663661,49.765832,49.829525,1.558167,2.466201
3.000000,2.453197,0.684694,1.643935,49.805450,49.965344,1.552000,2.453197
3.083333,2.439281,0.674638,1.624438,49.858388,49.966100,1.545000,2.439281
3.166667,2.424529,0.664783,1.605160,49.896905,49.981633,1.538000,2.424529
3.250000,2.408969,0.654897,1.586095,49.920115,49.918220,1.531000,2.408969
3.333333,2.392638,0.645626,1.567247,49.932082,49.984451,1.524000,2.392638
3.416667,2.375614,0.636324,1.548596,49.949407,49.915324,1.517000,2.375614
3.500000,2.357895,0.627378,1.530159,49.947820,49.972807,1.510000,2.357895
3.583333,2.339572,0.618677,1.511931,49.950607,50.005462,1.504500,2.339572
3.666667,2.320732,0.609889,1.493910,49.961689,49.965757,1.499000,2.320732
3.750000,2.301418,0.601523,1.476087,49.970100,50.006305,1.493500,2.301418
3.833333,2.281626,0.592964,1.458480,49.981005,49.940590,1.488000,2.281626
3.916667,2.261435,0.585055,1.441070,49.979968,50.042096,1.482500,2.261435
4.000000,2.240892,0.576954,1.423848,49.996494,50.005907,1.477000,2.240892
4.083333,2.219981,0.569126,1.406853,49.996531,49.996814,1.472000,2.219981
4.166667,2.198769,0.561459,1.390086,49.996455,49.997450,1.467000,2.198769
4.250000,2.177305,0.553964,1.373539,49.996823,49.997798,1.462000,2.177305
4.333333,2.155658,0.546614,1.357177,49.997209,49.998043,1.457000,2.155658
4.416667,2.133850,0.539410,1.341005,49.997544,49.998228,1.452000,2.133850
4.500000,2.111934,0.532314,1.324992,49.997830,49.998377,1.447000,2.111934
4.583333,2.089963,0.525257,1.309134,49.998072,49.998501,1.443167,2.089963
4.666667,2.067941,0.518260,1.293433,49.998273,49.998603,1.439333,2.067941
4.750000,2.045876,0.511379,1.277918,49.998431,49.998682,1.435500,2.045876
4.833333,2.023782,0.504599,1.262581,49.998554,49.998743,1.431667,2.023782
4.916667,2.001687,0.497931,1.247429,49.998648,49.998791,1.427833,2.001687
5.000000,1.979596,0.491387,1.232455,49.998719,49.998826,1.424000,1.979596
5.083333,1.957526,0.484984,1.217657,49.998772,49.998853,1.419500,1.957526
5.166667,1.935482,0.478706,1.203029,49.998811,49.998872,1.415000,1.935482
5.250000,1.913483,0.472542,1.188567,49.998840,49.998887,1.410500,1.913483
5.333333,1.891539,0.466487,1.174269,49.998862,49.998898,1.406000,1.891539
5.416667,1.869665,0.460533,1.160130,49.998878,49.998906,1.401500,1.869665
5.500000,1.847878,0.454665,1.146152,49.998890,49.998912,1.397000,1.847878
5.583333,1.826195,0.448871,1.132336,49.998897,49.998916,1.393167,1.826195
5.666667,1.804630,0.443139,1.118680,49.998903,49.998918,1.389333,1.804630
5.750000,1.783200,0.437463,1.105184,49.998906,49.998920,1.385500,1.783200
5.833333,1.761897,0.431878,1.091843,49.998908,49.998921,1.381667,1.761897
5.916667,1.740744,0.426361,1.078659,49.998911,49.998922,1.377833,1.740744
6.000000,1.719751,0.420911,1.065628,49.998914,49.998924,1.374000,1.719751
6.083333,1.698929,0.415522,1.052753,49.998917,49.998926,1.371000,1.698929
6.166667,1.678286,0.410185,1.040038,49.998919,49.998927,1.368000,1.678286
6.250000,1.657833,0.404898,1.027480,49.998921,49.998928,1.365000,1.657833
6.333333,1.637583,0.399660,1.015078,49.998923,49.998929,1.362000,1.637583
6.416667,1.617530,0.394484,1.002831,49.998926,49.998930,1.359000,1.617530
6.500000,1.597668,0.389385,0.990735,49.998928,49.998931,1.356000,1.597668
6.583333,1.578014,0.384354,0.978792,49.998929,49.998932,1.352833,1.578014
6.666667,1.558572,0.379394,0.967001,49.998931,49.998932,1.349667,1.558572
6.750000,1.539333,0.374500,0.955357,49.998932,49.998933,1.346500,1.539333
6.833333,1.520297,0.369673,0.943859,49.998933,49.998933,1.343333,1.520297
6.916667,1.501472,0.364915,0.932507,49.998933,49.998934,1.340167,1.501472
7.000000,1.482859,0.360228,0.921297,49.998934,49.998934,1.337000,1.482859
7.083333,1.464462,0.355579,0.910234,49.998934,49.998934,1.334333,1.464462
7.166667,1.446284,0.350980,0.899315,49.998934,49.998934,1.331667,1.446284
7.250000,1.428326,0.346425,0.888537,49.998934,49.998934,1.329000,1.428326
7.333333,1.410590,0.341914,0.877902,49.998934,49.998934,1.326333,1.410590
7.416667,1.393079,0.337454,0.867411,49.998934,49.998934,1.323667,1.393079
7.500000,1.375794,0.333039,0.857062,49.998934,49.998934,1.321000,1.375794
7.583333,1.358738,0.328667,0.846855,49.998934,49.998934,1.319333,1.358738
7.666667,1.341913,0.324339,0.836790,49.998934,49.998934,1.317667,1.341913
7.750000,1.325319,0.320059,0.826867,49.998934,49.998934,1.316000,1.325319
7.833333,1.308961,0.315824,0.817087,49.998934,49.998934,1.314333,1.308961
7.916667,1.292839,0.311634,0.807448,49.998934,49.998934,1.312667,1.292839
8.000000,1.276946,0.307499,0.797948,49.998934,49.998934,1.311000,1.276946
8.083333,1.261278,0.303429,0.788584,49.998934,49.998934,1.309000,1.261278
8.166667,1.245833,0.299424,0.779355,49.998934,49.998934,1.307000,1.245833
8.250000,1.230608,0.295494,0.770259,49.998934,49.998934,1.305000,1.230608
8.333333,1.215603,0.291616,0.761295,49.998934,49.998934,1.303000,1.215603
8.416667,1.200816,0.287793,0.752461,49.998934,49.998934,1.301000,1.200816
8.500000,1.186240,0.284028,0.743755,49.998934,49.998934,1.299000,1.186240
8.583333,1.171872,0.280315,0.735175,49.998934,49.998934,1.297667,1.171872
8.666667,1.157723,0.276631,0.726724,49.998934,49.998934,1.296333,1.157723
8.750000,1.143784,0.272981,0.718399,49.998934,49.998934,1.295000,1.143784
8.833333,1.130055,0.269359,0.710199,49.998934,49.998934,1.293667,1.130055
8.916667,1.116531,0.265773,0.702122,49.998934,49.998934,1.292333,1.116531
9.000000,1.103208,0.262261,0.694166,49.998934,49.998934,1.291000,1.103208
9.083333,1.090084,0.258803,0.686331,49.998934,49.998934,1.289333,1.090084
9.166667,1.077158,0.255404,0.678615,49.998934,49.998934,1.287667,1.077158
9.250000,1.064424,0.252068,0.671015,49.998934,49.998934,1.286000,1.064424
9.333333,1.051880,0.248798,0.663527,49.998934,49.998934,1.284333,1.051880
9.416667,1.039522,0.245597,0.656151,49.998934,49.998934,1.282667,1.039522
9.500000,1.027349,0.242469,0.648884,49.998934,49.998934,1.281000,1.027349
9.583333,1.015360,0.239383,0.641727,49.998934,49.998934,1.279667,1.015360
9.666667,1.003554,0.236333,0.634678,49.998934,49.998934,1.278333,1.003554
9.750000,0.991927,0.233323,0.627734,49.998934,49.998934,1.277000,0.991927
9.833333,0.980479,0.230350,0.620895,49.998934,49.998934,1.275667,0.980479
9.916667,0.969205,0.227406,0.614162,49.998934,49.998934,1.274333,0.969205
10.000000,0.958106,0.224486,0.607533,49.998934,49.998934,1.273000,0.958106
10.083333,0.947177,0.221587,0.601007,49.998934,49.998934,1.271833,0.947177
10.166667,0.936417,0.218709,0.594583,49.998934,49.998934,1.270667,0.936417
10.250000,0.925824,0.215887,0.588260,49.998934,49.998934,1.269500,0.925824
10.333333,0.915395,0.213106,0.582037,49.998934,49.998934,1.268333,0.915395
10.416667,0.905129,0.210366,0.575913,49.998934,49.998934,1.267167,0.905129
10.500000,0.895023,0.207677,0.569886,49.998934,49.998934,1.266000,0.895023
10.583333,0.885075,0.205054,0.563954,49.998934,49.998934,1.265000,0.885075
10.666667,0.875283,0.202496,0.558114,49.998934,49.998934,1.264000,0.875283
10.750000,0.865645,0.200008,0.552367,49.998934,49.998934,1.263000,0.865645
10.833333,0.856158,0.197577,0.546708,49.998934,49.998934,1.262000,0.856158
10.916667,0.846819,0.195193,0.541136,49.998934,49.998934,1.261000,0.846819
11.000000,0.837626,0.192866,0.535650,49.998934,49.998934,1.260000,0.837626
11.083333,0.828577,0.190595,0.530246,49.998934,49.998934,1.258833,0.828577
11.166667,0.819668,0.188345,0.524926,49.998934,49.998934,1.257667,0.819668
11.250000,0.810896,0.186112,0.519687,49.998934,49.998934,1.256500,0.810896
11.333333,0.802259,0.183897,0.514529,49.998934,49.998934,1.255333,0.802259
11.416667,0.793755,0.181692,0.509448,49.998934,49.998934,1.254167,0.793755
11.500000,0.785385,0.179497,0.504451,49.998934,49.998934,1.253000,0.785385
11.583333,0.777146,0.177304,0.499535,49.998934,49.998934,1.252167,0.777146
11.666667,0.769035,0.175106,0.494698,49.998934,49.998934,1.251333,0.769035
11.750000,0.761050,0.172910,0.489940,49.998934,49.998934,1.250500,0.761050
11.833333,0.753191,0.170784,0.485258,49.998934,49.998934,1.249667,0.753191
11.916667,0.745455,0.168719,0.480654,49.998934,49.998934,1.248833,0.745455
12.000000,0.737841,0.166739,0.476124,49.998934,49.998934,1.248000,0.737841
12.083333,0.730347,0.164833,0.471667,49.998934,49.998934,1.247333,0.730347
12.166667,0.722972,0.162963,0.467280,49.998934,49.998934,1.246667,0.722972
12.250000,0.715713,0.161165,0.462961,49.998934,49.998934,1.246000,0.715713
12.333333,0.708570,0.159443,0.458710,49.998934,49.998934,1.245333,0.708570
12.416667,0.701539,0.157706,0.454525,49.998934,49.998934,1.244667,0.701539
12.500000,0.694620,0.155985,0.450405,49.998934,49.998934,1.244000,0.694620
12.583333,0.687810,0.154268,0.446348,49.998934,49.998934,1.243333,0.687810
12.666667,0.681106,0.152565,0.442357,49.998934,49.998934,1.242667,0.681106
12.750000,0.674508,0.150860,0.438428,49.998934,49.998934,1.242000,0.674508
12.833333,0.668013,0.149150,0.434563,49.998934,49.998934,1.241333,0.668013
12.916667,0.661620,0.147485,0.430760,49.998934,49.998934,1.240667,0.661620
13.000000,0.655326,0.145850,0.427018,49.998934,49.998934,1.240000,0.655326
13.083333,0.649130,0.144252,0.423336,49.998934,49.998934,1.239333,0.649130
13.166667,0.643030,0.142722,0.419711,49.998934,49.998934,1.238667,0.643030
13.250000,0.637024,0.141263,0.416142,49.998934,49.998934,1.238000,0.637024
13.333333,0.631110,0.139880,0.412628,49.998934,49.998934,1.237333,0.631110
13.416667,0.625288,0.138499,0.409167,49.998934,49.998934,1.236667,0.625288
13.500000,0.619556,0.137142,0.405758,49.998934,49.998934,1.236000,0.619556
13.583333,0.613911,0.135790,0.402401,49.998934,49.998934,1.235500,0.613911
13.666667,0.608355,0.134408,0.399097,49.998934,49.998934,1.235000,0.608355
13.750000,0.602883,0.132987,0.395845,49.998934,49.998934,1.234500,0.602883
13.833333,0.597497,0.131592,0.392644,49.998934,49.998934,1.234000,0.597497
13.916667,0.592193,0.130245,0.389495,49.998934,49.998934,1.233500,0.592193
14.000000,0.586971,0.128943,0.386396,49.998934,49.998934,1.233000,0.586971
14.083333,0.581827,0.127696,0.383343,49.998934,49.998934,1.232333,0.581827
14.166667,0.576762,0.126519,0.380336,49.998934,49.998934,1.231667,0.576762
14.250000,0.571772,0.125396,0.377374,49.998934,49.998934,1.231000,0.571772
14.333333,0.566857,0.124276,0.374455,49.998934,49.998934,1.230333,0.566857
14.416667,0.562015,0.123171,0.371578,49.998934,49.998934,1.229667,0.562015
14.500000,0.557244,0.122053,0.368744,49.998934,49.998934,1.229000,0.557244
14.583333,0.552543,0.120922,0.365952,49.998934,49.998934,1.228500,0.552543
14.666667,0.547914,0.119786,0.363203,49.998934,49.998934,1.228000,0.547914
14.750000,0.543352,0.118679,0.360495,49.998934,49.998934,1.227500,0.543352
14.833333,0.538858,0.117585,0.357829,49.998934,49.998934,1.227000,0.538858
14.916667,0.534432,0.116511,0.355204,49.998934,49.998934,1.226500,0.534432
15.000000,0.530069,0.115469,0.352618,49.998934,49.998934,1.226000,0.530069
15.083333,0.525773,0.114451,0.350072,49.998934,49.998934,1.225500,0.525773
15.166667,0.521539,0.113492,0.347561,49.998934,49.998934,1.225000,0.521539
15.250000,0.517367,0.112600,0.345085,49.998934,49.998934,1.224500,0.517367
15.333333,0.513258,0.111762,0.342644,49.998934,49.998934,1.224000,0.513258
15.416667,0.509209,0.110896,0.340238,49.998934,49.998934,1.223500,0.509209
15.500000,0.505220,0.110003,0.337867,49.998934,49.998934,1.223000,0.505220
15.583333,0.501290,0.109073,0.335530,49.998934,49.998934,1.222667,0.501290
15.666667,0.497418,0.108129,0.333230,49.998934,49.998934,1.222333,0.497418
15.750000,0.493602,0.107146,0.330965,49.998934,49.998934,1.222000,0.493602
15.833333,0.489843,0.106281,0.328733,49.998934,49.998934,1.221667,0.489843
15.916667,0.486138,0.105535,0.326532,49.998934,49.998934,1.221333,0.486138
16.000000,0.482487,0.104819,0.324362,49.998934,49.998934,1.221000,0.482487
16.083333,0.478889,0.104047,0.322223,49.998934,49.998934,1.220667,0.478889
16.166667,0.475342,0.103259,0.320113,49.998934,49.998934,1.220333,0.475342
16.250000,0.471845,0.102470,0.318033,49.998934,49.998934,1.220000,0.471845
16.333333,0.468399,0.101703,0.315983,49.998934,49.998934,1.219667,0.468399
16.416667,0.465002,0.100959,0.313962,49.998934,49.998934,1.219333,0.465002
16.500000,0.461653,0.100228,0.311969,49.998934,49.998934,1.219000,0.461653
16.583333,0.458352,0.099511,0.310004,49.998934,49.998934,1.218833,0.458352
16.666667,0.455096,0.098805,0.308066,49.998934,49.998934,1.218667,0.455096
16.750000,0.451887,0.098112,0.306155,49.998934,49.998934,1.218500,0.451887
16.833333,0.448724,0.097432,0.304271,49.998934,49.998934,1.218333,0.448724
16.916667,0.445605,0.096765,0.302413,49.998934,49.998934,1.218167,0.445605
17.000000,0.442528,0.096111,0.300580,49.998934,49.998934,1.218000,0.442528
17.083333,0.439495,0.095470,0.298772,49.998934,49.998934,1.217667,0.439495
17.166667,0.436506,0.094843,0.296991,49.998934,49.998934,1.217333,0.436506
17.250000,0.433555,0.094227,0.295231,49.998934,49.998934,1.217000,0.433555
17.333333,0.430644,0.093622,0.293495,49.998934,49.998934,1.216667,0.430644
17.416667,0.427775,0.093031,0.291784,49.998934,49.998934,1.216333,0.427775
17.500000,0.424945,0.092450,0.290095,49.998934,49.998934,1.216000,0.424945
17.583333,0.422151,0.091878,0.288427,49.998934,49.998934,1.215667,0.422151
17.666667,0.419396,0.091317,0.286782,49.998934,49.998934,1.215333,0.419396
17.750000,0.416679,0.090767,0.285159,49.998934,49.998934,1.215000,0.416679
17.833333,0.413999,0.090226,0.283558,49.998934,49.998934,1.214667,0.413999
17.916667,0.411354,0.089694,0.281977,49.998934,49.998934,1.214333,0.411354
18.000000,0.408744,0.089172,0.280417,49.998934,49.998934,1.214000,0.408744
18.083333,0.406170,0.088658,0.278878,49.998934,49.998934,1.213833,0.406170
18.166667,0.403631,0.088152,0.277359,49.998934,49.998934,1.213667,0.403631
18.250000,0.401126,0.087655,0.275859,49.998934,49.998934,1.213500,0.401126
18.333333,0.398654,0.087165,0.274379,49.998934,49.998934,1.213333,0.398654
18.416667,0.396215,0.086684,0.272919,49.998934,49.998934,1.213167,0.396215
18.500000,0.393808,0.086213,0.271477,49.998934,49.998934,1.213000,0.393808
18.583333,0.391433,0.085749,0.270053,49.998934,49.998934,1.212833,0.391433
18.666667,0.389089,0.085294,0.268647,49.998934,49.998934,1.212667,0.389089
18.750000,0.386775,0.084846,0.267259,49.998934,49.998934,1.212500,0.386775
18.833333,0.384492,0.084406,0.265889,49.998934,49.998934,1.212333,0.384492
18.916667,0.382237,0.083974,0.264536,49.998934,49.998934,1.212167,0.382237
19.000000,0.380012,0.083549,0.263199,49.998934,49.998934,1.212000,0.380012
19.083333,0.377815,0.083131,0.261879,49.998934,49.998934,1.211833,0.377815
19.166667,0.375646,0.082720,0.260576,49.998934,49.998934,1.211667,0.375646
19.250000,0.373505,0.082315,0.259288,49.998934,49.998934,1.211500,0.373505
19.333333,0.371390,0.081917,0.258016,49.998934,49.998934,1.211333,0.371390
19.416667,0.369301,0.081526,0.256758,49.998934,49.998934,1.211167,0.369301
19.500000,0.367238,0.081141,0.255516,49.998934,49.998934,1.211000,0.367238
19.583333,0.365201,0.080762,0.254289,49.998934,49.998934,1.210833,0.365201
19.666667,0.363189,0.080391,0.253076,49.998934,49.998934,1.210667,0.363189
19.750000,0.361202,0.080025,0.251878,49.998934,49.998934,1.210500,0.361202
19.833333,0.359239,0.079666,0.250694,49.998934,49.998934,1.210333,0.359239
19.916667,0.357300,0.079312,0.249524,49.998934,49.998934,1.210167,0.357300
20.000000,0.355384,0.078965,0.248367,49.998934,49.998934,1.210000,0.355384
20.083333,0.353490,0.078623,0.247224,49.998934,49.998934,1.209833,0.353490
20.166667,0.351619,0.078287,0.246093,49.998934,49.998934,1.209667,0.351619
20.250000,0.349772,0.077957,0.244976,49.998934,49.998934,1.209500,0.349772
20.333333,0.347946,0.077631,0.243872,49.998934,49.998934,1.209333,0.347946
20.416667,0.346142,0.077311,0.242780,49.998934,49.998934,1.209167,0.346142
20.500000,0.344359,0.076996,0.241701,49.998934,49.998934,1.209000,0.344359
20.583333,0.342597,0.076686,0.240634,49.998934,49.998934,1.208833,0.342597
20.666667,0.340856,0.076381,0.239579,49.998934,49.998934,1.208667,0.340856
20.750000,0.339134,0.076080,0.238535,49.998934,49.998934,1.208500,0.339134
20.833333,0.337433,0.075784,0.237503,49.998934,49.998934,1.208333,0.337433
20.916667,0.335753,0.075494,0.236483,49.998934,49.998934,1.208167,0.335753
21.000000,0.334091,0.075207,0.235475,49.998934,49.998934,1.208000,0.334091
21.083333,0.332449,0.074926,0.234477,49.998934,49.998934,1.207833,0.332449
21.166667,0.330826,0.074649,0.233491,49.998934,49.998934,1.207667,0.330826
21.250000,0.329222,0.074376,0.232516,49.998934,49.998934,1.207500,0.329222
21.333333,0.327636,0.074108,0.231551,49.998934,49.998934,1.207333,0.327636
21.416667,0.326069,0.073844,0.230597,49.998934,49.998934,1.207167,0.326069
21.500000,0.324519,0.073584,0.229654,49.998934,49.998934,1.207000,0.324519
21.583333,0.322987,0.073328,0.228720,49.998934,49.998934,1.206833,0.322987
21.666667,0.321472,0.073076,0.227797,49.998934,49.998934,1.206667,0.321472
21.750000,0.319974,0.072828,0.226884,49.998934,49.998934,1.206500,0.319974
21.833333,0.318493,0.072583,0.225980,49.998934,49.998934,1.206333,0.318493
21.916667,0.317028,0.072343,0.225086,49.998934,49.998934,1.206167,0.317028
22.000000,0.315580,0.072105,0.224202,49.998934,49.998934,1.206000,0.315580
22.083333,0.314148,0.071871,0.223327,49.998934,49.998934,1.206000,0.314148
22.166667,0.312732,0.071641,0.222461,49.998934,49.998934,1.206000,0.312732
22.250000,0.311331,0.071413,0.221604,49.998934,49.998934,1.206000,0.311331
22.333333,0.309945,0.071188,0.220756,49.998934,49.998934,1.206000,0.309945
22.416667,0.308575,0.070966,0.219917,49.998934,49.998934,1.206000,0.308575
22.500000,0.307219,0.070746,0.219086,49.998934,49.998934,1.206000,0.307219
22.583333,0.305878,0.070529,0.218264,49.998934,49.998934,1.205833,0.305878
22.666667,0.304552,0.070316,0.217451,49.998934,49.998934,1.205667,0.304552
22.750000,0.303240,0.070106,0.216646,49.998934,49.998934,1.205500,0.303240
22.833333,0.301941,0.069899,0.215849,49.998934,49.998934,1.205333,0.301941
22.916667,0.300657,0.069696,0.215060,49.998934,49.998934,1.205167,0.300657
23.000000,0.299386,0.069495,0.214279,49.998934,49.998934,1.205000,0.299386
23.083333,0.298128,0.069297,0.213506,49.998934,49.998934,1.205000,0.298128
23.166667,0.296884,0.069103,0.212741,49.998934,49.998934,1.205000,0.296884
23.250000,0.295652,0.068912,0.211983,49.998934,49.998934,1.205000,0.295652
23.333333,0.294433,0.068724,0.211233,49.998934,49.998934,1.205000,0.294433
23.416667,0.293227,0.068540,0.210490,49.998934,49.998934,1.205000,0.293227
23.500000,0.292034,0.068358,0.209755,49.998934,49.998934,1.205000,0.292034
23.583333,0.290852,0.068178,0.209027,49.998934,49.998934,1.204833,0.290852
23.666667,0.289683,0.068001,0.208305,49.998934,49.998934,1.204667,0.289683
23.750000,0.288525,0.067826,0.207591,49.998934,49.998934,1.204500,0.288525
23.833333,0.287379,0.067655,0.206884,49.998934,49.998934,1.204333,0.287379
23.916667,0.286245,0.067486,0.206183,49.998934,49.998934,1.204167,0.286245
24.000000,0.285122,0.067319,0.205489,49.998934,49.998934,1.204000,0.285122
24.083333,0.284010,0.067155,0.204802,49.998934,49.998934,1.204000,0.284010
24.166667,0.282909,0.066994,0.204121,49.998934,49.998934,1.204000,0.282909
24.250000,0.281819,0.066836,0.203446,49.998934,49.998934,1.204000,0.281819
24.333333,0.280740,0.066679,0.202778,49.998934,49.998934,1.204000,0.280740
24.416667,0.279671,0.066525,0.202116,49.998934,49.998934,1.204000,0.279671
24.500000,0.278613,0.066372,0.201460,49.998934,49.998934,1.204000,0.278613
24.583333,0.277565,0.066221,0.200810,49.998934,49.998934,1.203833,0.277565
24.666667,0.276527,0.066072,0.200167,49.998934,49.998934,1.203667,0.276527
24.750000,0.275499,0.065925,0.199529,49.998934,49.998934,1.203500,0.275499
24.833333,0.274481,0.065780,0.198896,49.998934,49.998934,1.203333,0.274481
24.916667,0.273473,0.065636,0.198270,49.998934,49.998934,1.203167,0.273473
25.000000,0.272475,0.065494,0.197649,49.998934,49.998934,1.203000,0.272475
25.083333,0.271486,0.065352,0.197034,49.998934,49.998934,1.203000,0.271486
25.166667,0.270506,0.065213,0.196424,49.998934,49.998934,1.203000,0.270506
25.250000,0.269535,0.065075,0.195819,49.998934,49.998934,1.203000,0.269535
25.333333,0.268574,0.064939,0.195221,49.998934,49.998934,1.203000,0.268574
25.416667,0.267622,0.064804,0.194627,49.998934,49.998934,1.203000,0.267622
25.500000,0.266679,0.064671,0.194039,49.998934,49.998934,1.203000,0.266679
25.583333,0.265744,0.064539,0.193456,49.998934,49.998934,1.203000,0.265744
25.666667,0.264819,0.064409,0.192878,49.998934,49.998934,1.203000,0.264819
25.750000,0.263901,0.064279,0.192305,49.998934,49.998934,1.203000,0.263901
25.833333,0.262993,0.064151,0.191738,49.998934,49.998934,1.203000,0.262993
25.916667,0.262093,0.064024,0.191175,49.998934,49.998934,1.203000,0.262093
26.000000,0.261201,0.063898,0.190617,49.998934,49.998934,1.203000,0.261201
26.083333,0.260318,0.063773,0.190065,49.998934,49.998934,1.203000,0.260318
26.166667,0.259442,0.063651,0.189516,49.998934,49.998934,1.203000,0.259442
26.250000,0.258574,0.063530,0.188973,49.998934,49.998934,1.203000,0.258574
26.333333,0.257714,0.063411,0.188434,49.998934,49.998934,1.203000,0.257714
26.416667,0.256862,0.063293,0.187900,49.998934,49.998934,1.203000,0.256862
26.500000,0.256017,0.063178,0.187370,49.998934,49.998934,1.203000,0.256017
26.583333,0.255179,0.063064,0.186845,49.998934,49.998934,1.202833,0.255179
26.666667,0.254349,0.062952,0.186324,49.998934,49.998934,1.202667,0.254349
26.750000,0.253526,0.062841,0.185808,49.998934,49.998934,1.202500,0.253526
26.833333,0.252711,0.062733,0.185296,49.998934,49.998934,1.202333,0.252711
26.916667,0.251902,0.062627,0.184788,49.998934,49.998934,1.202167,0.251902
27.000000,0.251100,0.062522,0.184284,49.998934,49.998934,1.202000,0.251100
27.083333,0.250306,0.062418,0.183785,49.998934,49.998934,1.202000,0.250306
27.166667,0.249519,0.062316,0.183290,49.998934,49.998934,1.202000,0.249519
27.250000,0.248738,0.062215,0.182799,49.998934,49.998934,1.202000,0.248738
27.333333,0.247964,0.062115,0.182312,49.998934,49.998934,1.202000,0.247964
27.416667,0.247197,0.062018,0.181829,49.998934,49.998934,1.202000,0.247197
27.500000,0.246437,0.061922,0.181350,49.998934,49.998934,1.202000,0.246437
27.583333,0.245683,0.061827,0.180876,49.998934,49.998934,1.202000,0.245683
27.666667,0.244936,0.061734,0.180405,49.998934,49.998934,1.202000,0.244936
27.750000,0.244195,0.061643,0.179938,49.998934,49.998934,1.202000,0.244195
27.833333,0.243460,0.061554,0.179474,49.998934,49.998934,1.202000,0.243460
27.916667,0.242732,0.061464,0.179014,49.998934,49.998934,1.202000,0.242732
28.000000,0.242010,0.061375,0.178558,49.998934,49.998934,1.202000,0.242010
28.083333,0.241293,0.061288,0.178105,49.998934,49.998934,1.202000,0.241293
28.166667,0.240583,0.061201,0.177656,49.998934,49.998934,1.202000,0.240583
28.250000,0.239879,0.061116,0.177210,49.998934,49.998934,1.202000,0.239879
28.333333,0.239180,0.061031,0.176768,49.998934,49.998934,1.202000,0.239180
28.416667,0.238487,0.060947,0.176329,49.998934,49.998934,1.202000,0.238487
28.500000,0.237800,0.060864,0.175893,49.998934,49.998934,1.202000,0.237800
28.583333,0.237119,0.060782,0.175461,49.998934,49.998934,1.202000,0.237119
28.666667,0.236443,0.060701,0.175031,49.998934,49.998934,1.202000,0.236443
28.750000,0.235772,0.060620,0.174605,49.998934,49.998934,1.202000,0.235772
28.833333,0.235107,0.060540,0.174183,49.998934,49.998934,1.202000,0.235107
28.916667,0.234447,0.060460,0.173764,49.998934,49.998934,1.202000,0.234447
29.000000,0.233792,0.060380,0.173348,49.998934,49.998934,1.202000,0.233792
29.083333,0.233143,0.060300,0.172935,49.998934,49.998934,1.201833,0.233143
29.166667,0.232498,0.060221,0.172525,49.998934,49.998934,1.201667,0.232498
29.250000,0.231859,0.060142,0.172118,49.998934,49.998934,1.201500,0.231859
29.333333,0.231224,0.060063,0.171714,49.998934,49.998934,1.201333,0.231224
29.416667,0.230595,0.059985,0.171313,49.998934,49.998934,1.201167,0.230595
29.500000,0.229970,0.059907,0.170915,49.998934,49.998934,1.201000,0.229970
29.583333,0.229350,0.059831,0.170520,49.998934,49.998934,1.201000,0.229350
29.666667,0.228735,0.059757,0.170129,49.998934,49.998934,1.201000,0.228735
29.750000,0.228125,0.059683,0.169740,49.998934,49.998934,1.201000,0.228125
29.833333,0.227519,0.059610,0.169354,49.998934,49.998934,1.201000,0.227519
29.916667,0.226918,0.059538,0.168970,49.998934,49.998934,1.201000,0.226918
30.000000,0.226322,0.059468,0.168590,49.998934,49.998934,1.201000,0.226322
30.083333,0.225730,0.059398,0.168212,49.998934,49.998934,1.201000,0.225730
30.166667,0.225142,0.059329,0.167837,49.998934,49.998934,1.201000,0.225142
30.250000,0.224559,0.059261,0.167465,49.998934,49.998934,1.201000,0.224559
30.333333,0.223981,0.059195,0.167095,49.998934,49.998934,1.201000,0.223981
30.416667,0.223407,0.059130,0.166728,49.998934,49.998934,1.201000,0.223407
30.500000,0.222837,0.059066,0.166364,49.998934,49.998934,1.201000,0.222837
30.583333,0.222271,0.059003,0.166002,49.998934,49.998934,1.201000,0.222271
30.666667,0.221710,0.058942,0.165643,49.998934,49.998934,1.201000,0.221710
30.750000,0.221153,0.058882,0.165286,49.998934,49.998934,1.201000,0.221153
30.833333,0.220600,0.058823,0.164931,49.998934,49.998934,1.201000,0.220600
30.916667,0.220051,0.058763,0.164579,49.998934,49.998934,1.201000,0.220051
31.000000,0.219506,0.058704,0.164230,49.998934,49.998934,1.201000,0.219506
31.083333,0.218965,0.058645,0.163883,49.998934,49.998934,1.201000,0.218965
31.166667,0.218428,0.058587,0.163538,49.998934,49.998934,1.201000,0.218428
31.250000,0.217895,0.058529,0.163196,49.998934,49.998934,1.201000,0.217895
31.333333,0.217366,0.058472,0.162856,49.998934,49.998934,1.201000,0.217366
31.416667,0.216840,0.058415,0.162518,49.998934,49.998934,1.201000,0.216840
31.500000,0.216319,0.058358,0.162183,49.998934,49.998934,1.201000,0.216319
31.583333,0.215801,0.058302,0.161850,49.998934,49.998934,1.201000,0.215801
31.666667,0.215287,0.058245,0.161519,49.998934,49.998934,1.201000,0.215287
31.750000,0.214776,0.058189,0.161190,49.998934,49.998934,1.201000,0.214776
31.833333,0.214269,0.058132,0.160864,49.998934,49.998934,1.201000,0.214269
31.916667,0.213766,0.058076,0.160540,49.998934,49.998934,1.201000,0.213766
32.000000,0.213267,0.058020,0.160218,49.998934,49.998934,1.201000,0.213267
32.083333,0.212770,0.057963,0.159899,49.998934,49.998934,1.201000,0.212770
32.166667,0.212278,0.057906,0.159581,49.998934,49.998934,1.201000,0.212278
32.250000,0.211788,0.057851,0.159266,49.998934,49.998934,1.201000,0.211788
32.333333,0.211303,0.057798,0.158953,49.998934,49.998934,1.201000,0.211303
32.416667,0.210820,0.057745,0.158641,49.998934,49.998934,1.201000,0.210820
32.500000,0.210341,0.057693,0.158332,49.998934,49.998934,1.201000,0.210341
32.583333,0.209865,0.057641,0.158025,49.998934,49.998934,1.201000,0.209865
32.666667,0.209393,0.057590,0.157720,49.998934,49.998934,1.201000,0.209393
32.750000,0.208923,0.057541,0.157417,49.998934,49.998934,1.201000,0.208923
32.833333,0.208457,0.057492,0.157116,49.998934,49.998934,1.201000,0.208457
32.916667,0.207993,0.057444,0.156817,49.998934,49.998934,1.201000,0.207993
33.000000,0.207533,0.057396,0.156519,49.998934,49.998934,1.201000,0.207533
33.083333,0.207076,0.057349,0.156224,49.998934,49.998934,1.201000,0.207076
33.166667,0.206621,0.057302,0.155930,49.998934,49.998934,1.201000,0.206621
33.250000,0.206170,0.057257,0.155638,49.998934,49.998934,1.201000,0.206170
33.333333,0.205722,0.057212,0.155348,49.998934,49.998934,1.201000,0.205722
33.416667,0.205277,0.057168,0.155060,49.998934,49.998934,1.201000,0.205277
33.500000,0.204835,0.057124,0.154773,49.998934,49.998934,1.201000,0.204835
33.583333,0.204396,0.057080,0.154489,49.998934,49.998934,1.201000,0.204396
33.666667,0.203959,0.057037,0.154205,49.998934,49.998934,1.201000,0.203959
33.750000,0.203525,0.056993,0.153924,49.998934,49.998934,1.201000,0.203525
33.833333,0.203094,0.056951,0.153644,49.998934,49.998934,1.201000,0.203094
33.916667,0.202666,0.056908,0.153366,49.998934,49.998934,1.201000,0.202666
34.000000,0.202241,0.056866,0.153090,49.998934,49.998934,1.201000,0.202241
34.083333,0.201819,0.056825,0.152816,49.998934,49.998934,1.201000,0.201819
34.166667,0.201399,0.056784,0.152543,49.998934,49.998934,1.201000,0.201399
34.250000,0.200982,0.056743,0.152272,49.998934,49.998934,1.201000,0.200982
34.333333,0.200567,0.056702,0.152002,49.998934,49.998934,1.201000,0.200567
34.416667,0.200155,0.056662,0.151734,49.998934,49.998934,1.201000,0.200155
34.500000,0.199745,0.056622,0.151467,49.998934,49.998934,1.201000,0.199745
34.583333,0.199338,0.056582,0.151203,49.998934,49.998934,1.200833,0.199338
34.666667,0.198934,0.056543,0.150939,49.998934,49.998934,1.200667,0.198934
34.750000,0.198532,0.056504,0.150678,49.998934,49.998934,1.200500,0.198532
34.833333,0.198133,0.056465,0.150418,49.998934,49.998934,1.200333,0.198133
34.916667,0.197736,0.056426,0.150159,49.998934,49.998934,1.200167,0.197736
35.000000,0.197342,0.056388,0.149902,49.998934,49.998934,1.200000,0.197342
35.083333,0.196950,0.056350,0.149646,49.998934,49.998934,1.200000,0.196950
35.166667,0.196560,0.056312,0.149392,49.998934,49.998934,1.200000,0.196560
35.250000,0.196173,0.056275,0.149139,49.998934,49.998934,1.200000,0.196173
35.333333,0.195789,0.056238,0.148888,49.998934,49.998934,1.200000,0.195789
35.416667,0.195406,0.056201,0.148639,49.998934,49.998934,1.200000,0.195406
35.500000,0.195027,0.056164,0.148391,49.998934,49.998934,1.200000,0.195027
35.583333,0.194649,0.056128,0.148144,49.998934,49.998934,1.200000,0.194649
35.666667,0.194274,0.056091,0.147899,49.998934,49.998934,1.200000,0.194274
35.750000,0.193901,0.056055,0.147656,49.998934,49.998934,1.200000,0.193901
35.833333,0.193531,0.056019,0.147414,49.998934,49.998934,1.200000,0.193531
35.916667,0.193163,0.055984,0.147173,49.998934,49.998934,1.200000,0.193163
36.000000,0.192797,0.055948,0.146934,49.998934,49.998934,1.200000,0.192797
36.083333,0.192433,0.055913,0.146696,49.998934,49.998934,1.200000,0.192433
36.166667,0.192072,0.055878,0.146460,49.998934,49.998934,1.200000,0.192072
36.250000,0.191712,0.055843,0.146225,49.998934,49.998934,1.200000,0.191712
36.333333,0.191355,0.055809,0.145991,49.998934,49.998934,1.200000,0.191355
36.416667,0.191000,0.055776,0.145758,49.998934,49.998934,1.200000,0.191000
36.500000,0.190647,0.055744,0.145527,49.998934,49.998934,1.200000,0.190647
36.583333,0.190297,0.055711,0.145298,49.998934,49.998934,1.200000,0.190297
36.666667,0.189948,0.055680,0.145069,49.998934,49.998934,1.200000,0.189948
36.750000,0.189601,0.055649,0.144842,49.998934,49.998934,1.200000,0.189601
36.833333,0.189257,0.055619,0.144616,49.998934,49.998934,1.200000,0.189257
36.916667,0.188914,0.055589,0.144391,49.998934,49.998934,1.200000,0.188914
37.000000,0.188574,0.055559,0.144168,49.998934,49.998934,1.200000,0.188574
37.083333,0.188235,0.055530,0.143945,49.998934,49.998934,1.200000,0.188235
37.166667,0.187899,0.055501,0.143724,49.998934,49.998934,1.200000,0.187899
37.250000,0.187564,0.055473,0.143504,49.998934,49.998934,1.200000,0.187564
37.333333,0.187232,0.055444,0.143286,49.998934,49.998934,1.200000,0.187232
37.416667,0.186901,0.055417,0.143068,49.998934,49.998934,1.200000,0.186901
37.500000,0.186572,0.055389,0.142852,49.998934,49.998934,1.200000,0.186572
37.583333,0.186245,0.055362,0.142636,49.998934,49.998934,1.200000,0.186245
37.666667,0.185920,0.055334,0.142422,49.998934,49.998934,1.200000,0.185920
37.750000,0.185596,0.055305,0.142210,49.998934,49.998934,1.200000,0.185596
37.833333,0.185275,0.055276,0.141998,49.998934,49.998934,1.200000,0.185275
37.916667,0.184955,0.055247,0.141787,49.998934,49.998934,1.200000,0.184955
38.000000,0.184637,0.055218,0.141578,49.998934,49.998934,1.200000,0.184637
38.083333,0.184321,0.055187,0.141370,49.998934,49.998934,1.200000,0.184321
38.166667,0.184007,0.055157,0.141162,49.998934,49.998934,1.200000,0.184007
38.250000,0.183694,0.055126,0.140956,49.998934,49.998934,1.200000,0.183694
38.333333,0.183384,0.055097,0.140751,49.998934,49.998934,1.200000,0.183384
38.416667,0.183074,0.055069,0.140548,49.998934,49.998934,1.200000,0.183074
38.500000,0.182767,0.055041,0.140345,49.998934,49.998934,1.200000,0.182767
38.583333,0.182461,0.055014,0.140143,49.998934,49.998934,1.200000,0.182461
38.666667,0.182157,0.054987,0.139943,49.998934,49.998934,1.200000,0.182157
38.750000,0.181855,0.054960,0.139743,49.998934,49.998934,1.200000,0.181855
38.833333,0.181554,0.054934,0.139545,49.998934,49.998934,1.200000,0.181554
38.916667,0.181255,0.054909,0.139347,49.998934,49.998934,1.200000,0.181255
39.000000,0.180957,0.054884,0.139150,49.998934,49.998934,1.200000,0.180957
39.083333,0.180661,0.054859,0.138955,49.998934,49.998934,1.200000,0.180661
39.166667,0.180366,0.054834,0.138760,49.998934,49.998934,1.200000,0.180366
39.250000,0.180073,0.054809,0.138567,49.998934,49.998934,1.200000,0.180073
39.333333,0.179782,0.054785,0.138374,49.998934,49.998934,1.200000,0.179782
39.416667,0.179492,0.054762,0.138182,49.998934,49.998934,1.200000,0.179492
39.500000,0.179204,0.054738,0.137992,49.998934,49.998934,1.200000,0.179204
39.583333,0.178918,0.054715,0.137802,49.998934,49.998934,1.200000,0.178918
39.666667,0.178632,0.054692,0.137613,49.998934,49.998934,1.200000,0.178632
39.750000,0.178348,0.054668,0.137425,49.998934,49.998934,1.200000,0.178348
39.833333,0.178066,0.054645,0.137238,49.998934,49.998934,1.200000,0.178066
39.916667,0.177785,0.054622,0.137052,49.998934,49.998934,1.200000,0.177785
40.000000,0.177506,0.054600,0.136867,49.998934,49.998934,1.200000,0.177506
40.083333,0.177228,0.054577,0.136683,49.998934,49.998934,1.200000,0.177228
40.166667,0.176952,0.054555,0.136500,49.998934,49.998934,1.200000,0.176952
40.250000,0.176677,0.054533,0.136317,49.998934,49.998934,1.200000,0.176677
40.333333,0.176403,0.054510,0.136136,49.998934,49.998934,1.200000,0.176403
40.416667,0.176131,0.054488,0.135955,49.998934,49.998934,1.200000,0.176131
40.500000,0.175860,0.054466,0.135775,49.998934,49.998934,1.200000,0.175860
40.583333,0.175591,0.054444,0.135597,49.998934,49.998934,1.200000,0.175591
40.666667,0.175323,0.054422,0.135419,49.998934,49.998934,1.200000,0.175323
40.750000,0.175056,0.054401,0.135242,49.998934,49.998934,1.200000,0.175056
40.833333,0.174791,0.054379,0.135065,49.998934,49.998934,1.200000,0.174791
40.916667,0.174528,0.054357,0.134890,49.998934,49.998934,1.200000,0.174528
41.000000,0.174265,0.054336,0.134716,49.998934,49.998934,1.200000,0.174265
41.083333,0.174004,0.054315,0.134542,49.998934,49.998934,1.200000,0.174004
41.166667,0.173744,0.054294,0.134369,49.998934,49.998934,1.200000,0.173744
41.250000,0.173485,0.054273,0.134197,49.998934,49.998934,1.200000,0.173485
41.333333,0.173228,0.054253,0.134026,49.998934,49.998934,1.200000,0.173228
41.416667,0.172972,0.054232,0.133856,49.998934,49.998934,1.200000,0.172972
41.500000,0.172718,0.054212,0.133686,49.998934,49.998934,1.200000,0.172718
41.583333,0.172464,0.054192,0.133518,49.998934,49.998934,1.200000,0.172464
41.666667,0.172212,0.054172,0.133350,49.998934,49.998934,1.200000,0.172212
41.750000,0.171962,0.054152,0.133183,49.998934,49.998934,1.200000,0.171962
41.833333,0.171712,0.054132,0.133017,49.998934,49.998934,1.200000,0.171712
41.916667,0.171464,0.054112,0.132851,49.998934,49.998934,1.200000,0.171464
42.000000,0.171217,0.054092,0.132687,49.998934,49.998934,1.200000,0.171217
42.083333,0.170971,0.054073,0.132523,49.998934,49.998934,1.200000,0.170971
42.166667,0.170726,0.054053,0.132360,49.998934,49.998934,1.200000,0.170726
42.250000,0.170483,0.054034,0.132198,49.998934,49.998934,1.200000,0.170483
42.333333,0.170241,0.054015,0.132036,49.998934,49.998934,1.200000,0.170241
42.416667,0.170000,0.053996,0.131875,49.998934,49.998934,1.200000,0.170000
42.500000,0.169760,0.053978,0.131715,49.998934,49.998934,1.200000,0.169760
42.583333,0.169521,0.053959,0.131556,49.998934,49.998934,1.200000,0.169521
42.666667,0.169283,0.053941,0.131397,49.998934,49.998934,1.200000,0.169283
42.750000,0.169047,0.053923,0.131240,49.998934,49.998934,1.200000,0.169047
42.833333,0.168812,0.053906,0.131082,49.998934,49.998934,1.200000,0.168812
42.916667,0.168578,0.053888,0.130926,49.998934,49.998934,1.200000,0.168578
43.000000,0.168345,0.053871,0.130770,49.998934,49.998934,1.200000,0.168345
43.083333,0.168113,0.053853,0.130615,49.998934,49.998934,1.200000,0.168113
43.166667,0.167882,0.053836,0.130461,49.998934,49.998934,1.200000,0.167882
43.250000,0.167652,0.053819,0.130308,49.998934,49.998934,1.200000,0.167652
43.333333,0.167424,0.053802,0.130155,49.998934,49.998934,1.200000,0.167424
43.416667,0.167196,0.053785,0.130002,49.998934,49.998934,1.200000,0.167196
43.500000,0.166970,0.053769,0.129851,49.998934,49.998934,1.200000,0.166970
43.583333,0.166744,0.053752,0.129700,49.998934,49.998934,1.200000,0.166744
43.666667,0.166520,0.053736,0.129550,49.998934,49.998934,1.200000,0.166520
43.750000,0.166296,0.053719,0.129400,49.998934,49.998934,1.200000,0.166296
43.833333,0.166074,0.053703,0.129251,49.998934,49.998934,1.200000,0.166074
43.916667,0.165853,0.053686,0.129103,49.998934,49.998934,1.200000,0.165853
44.000000,0.165633,0.053670,0.128955,49.998934,49.998934,1.200000,0.165633
44.083333,0.165413,0.053654,0.128808,49.998934,49.998934,1.200000,0.165413
44.166667,0.165195,0.053638,0.128662,49.998934,49.998934,1.200000,0.165195
44.250000,0.164978,0.053621,0.128517,49.998934,49.998934,1.200000,0.164978
44.333333,0.164762,0.053605,0.128372,49.998934,49.998934,1.200000,0.164762
44.416667,0.164546,0.053589,0.128227,49.998934,49.998934,1.200000,0.164546
44.500000,0.164332,0.053574,0.128083,49.998934,49.998934,1.200000,0.164332
44.583333,0.164119,0.053558,0.127940,49.998934,49.998934,1.200000,0.164119
44.666667,0.163907,0.053542,0.127798,49.998934,49.998934,1.200000,0.163907
44.750000,0.163695,0.053527,0.127656,49.998934,49.998934,1.200000,0.163695
44.833333,0.163485,0.053511,0.127515,49.998934,49.998934,1.200000,0.163485
44.916667,0.163275,0.053496,0.127374,49.998934,49.998934,1.200000,0.163275
45.000000,0.163067,0.053481,0.127234,49.998934,49.998934,1.200000,0.163067
45.083333,0.162859,0.053466,0.127095,49.998934,49.998934,1.200000,0.162859
45.166667,0.162652,0.053451,0.126956,49.998934,49.998934,1.200000,0.162652
45.250000,0.162446,0.053436,0.126817,49.998934,49.998934,1.200000,0.162446
45.333333,0.162241,0.053421,0.126680,49.998934,49.998934,1.200000,0.162241
45.416667,0.162037,0.053407,0.126543,49.998934,49.998934,1.200000,0.162037
45.500000,0.161834,0.053392,0.126406,49.998934,49.998934,1.200000,0.161834
45.583333,0.161632,0.053378,0.126270,49.998934,49.998934,1.200000,0.161632
45.666667,0.161431,0.053364,0.126135,49.998934,49.998934,1.200000,0.161431
45.750000,0.161230,0.053350,0.126000,49.998934,49.998934,1.200000,0.161230
45.833333,0.161030,0.053336,0.125865,49.998934,49.998934,1.200000,0.161030
45.916667,0.160832,0.053322,0.125732,49.998934,49.998934,1.200000,0.160832
46.000000,0.160634,0.053308,0.125599,49.998934,49.998934,1.200000,0.160634
46.083333,0.160437,0.053294,0.125466,49.998934,49.998934,1.200000,0.160437
46.166667,0.160240,0.053280,0.125334,49.998934,49.998934,1.200000,0.160240
46.250000,0.160045,0.053267,0.125202,49.998934,49.998934,1.200000,0.160045
46.333333,0.159851,0.053253,0.125071,49.998934,49.998934,1.200000,0.159851
46.416667,0.159657,0.053240,0.124941,49.998934,49.998934,1.200000,0.159657
46.500000,0.159464,0.053227,0.124811,49.998934,49.998934,1.200000,0.159464
46.583333,0.159272,0.053213,0.124681,49.998934,49.998934,1.200000,0.159272
46.666667,0.159081,0.053200,0.124552,49.998934,49.998934,1.200000,0.159081
46.750000,0.158890,0.053187,0.124424,49.998934,49.998934,1.200000,0.158890
46.833333,0.158701,0.053175,0.124296,49.998934,49.998934,1.200000,0.158701
46.916667,0.158512,0.053162,0.124169,49.998934,49.998934,1.200000,0.158512
47.000000,0.158324,0.053149,0.124042,49.998934,49.998934,1.200000,0.158324
47.083333,0.158137,0.053137,0.123916,49.998934,49.998934,1.200000,0.158137
47.166667,0.157951,0.053124,0.123790,49.998934,49.998934,1.200000,0.157951
47.250000,0.157765,0.053112,0.123665,49.998934,49.998934,1.200000,0.157765
47.333333,0.157580,0.053099,0.123540,49.998934,49.998934,1.200000,0.157580
47.416667,0.157396,0.053087,0.123416,49.998934,49.998934,1.200000,0.157396
47.500000,0.157213,0.053074,0.123292,49.998934,49.998934,1.200000,0.157213
47.583333,0.157030,0.053062,0.123168,49.998934,49.998934,1.200000,0.157030
47.666667,0.156848,0.053050,0.123046,49.998934,49.998934,1.200000,0.156848
47.750000,0.156668,0.053038,0.122923,49.998934,49.998934,1.200000,0.156668
47.833333,0.156487,0.053026,0.122802,49.998934,49.998934,1.200000,0.156487
47.916667,0.156308,0.053014,0.122680,49.998934,49.998934,1.200000,0.156308
48.000000,0.156129,0.053002,0.122559,49.998934,49.998934,1.200000,0.156129
48.083333,0.155951,0.052990,0.122439,49.998934,49.998934,1.200000,0.155951
48.166667,0.155773,0.052978,0.122319,49.998934,49.998934,1.200000,0.155773
48.250000,0.155597,0.052966,0.122199,49.998934,49.998934,1.200000,0.155597
48.333333,0.155421,0.052955,0.122081,49.998934,49.998934,1.200000,0.155421
48.416667,0.155246,0.052943,0.121962,49.998934,49.998934,1.200000,0.155246
48.500000,0.155071,0.052931,0.121844,49.998934,49.998934,1.200000,0.155071
48.583333,0.154898,0.052920,0.121726,49.998934,49.998934,1.200000,0.154898
48.666667,0.154725,0.052908,0.121609,49.998934,49.998934,1.200000,0.154725
48.750000,0.154552,0.052896,0.121493,49.998934,49.998934,1.200000,0.154552
48.833333,0.154381,0.052885,0.121376,49.998934,49.998934,1.200000,0.154381
48.916667,0.154210,0.052874,0.121261,49.998934,49.998934,1.200000,0.154210
49.000000,0.154039,0.052863,0.121145,49.998934,49.998934,1.200000,0.154039
49.083333,0.153869,0.052852,0.121030,49.998934,49.998934,1.200000,0.153869
49.166667,0.153700,0.052841,0.120916,49.998934,49.998934,1.200000,0.153700
49.250000,0.153532,0.052830,0.120801,49.998934,49.998934,1.200000,0.153532
49.333333,0.153364,0.052819,0.120688,49.998934,49.998934,1.200000,0.153364
49.416667,0.153197,0.052808,0.120575,49.998934,49.998934,1.200000,0.153197
49.500000,0.153031,0.052797,0.120462,49.998934,49.998934,1.200000,0.153031
49.583333,0.152865,0.052786,0.120349,49.998934,49.998934,1.200000,0.152865
49.666667,0.152700,0.052776,0.120238,49.998934,49.998934,1.200000,0.152700
49.750000,0.152536,0.052765,0.120126,49.998934,49.998934,1.200000,0.152536
49.833333,0.152372,0.052755,0.120015,49.998934,49.998934,1.200000,0.152372
49.916667,0.152209,0.052745,0.119904,49.998934,49.998934,1.200000,0.152209
50.000000,0.152046,0.052734,0.119794,49.998934,49.998934,1.200000,0.152046
50.083333,0.151884,0.052724,0.119684,49.998934,49.998934,1.200000,0.151884
50.166667,0.151723,0.052714,0.119574,49.998934,49.998934,1.200000,0.151723
50.250000,0.151563,0.052704,0.119465,49.998934,49.998934,1.200000,0.151563
50.333333,0.151403,0.052694,0.119357,49.998934,49.998934,1.200000,0.151403
50.416667,0.151243,0.052684,0.119248,49.998934,49.998934,1.200000,0.151243
50.500000,0.151085,0.052675,0.119141,49.998934,49.998934,1.200000,0.151085
50.583333,0.150927,0.052665,0.119033,49.998934,49.998934,1.200000,0.150927
50.666667,0.150769,0.052655,0.118926,49.998934,49.998934,1.200000,0.150769
50.750000,0.150612,0.052646,0.118819,49.998934,49.998934,1.200000,0.150612
50.833333,0.150456,0.052636,0.118713,49.998934,49.998934,1.200000,0.150456
50.916667,0.150300,0.052626,0.118607,49.998934,49.998934,1.200000,0.150300
51.000000,0.150145,0.052617,0.118502,49.998934,49.998934,1.200000,0.150145
51.083333,0.149990,0.052607,0.118396,49.998934,49.998934,1.200000,0.149990
51.166667,0.149836,0.052598,0.118292,49.998934,49.998934,1.200000,0.149836
51.250000,0.149683,0.052589,0.118187,49.998934,49.998934,1.200000,0.149683
51.333333,0.149530,0.052579,0.118083,49.998934,49.998934,1.200000,0.149530
51.416667,0.149378,0.052570,0.117980,49.998934,49.998934,1.200000,0.149378
51.500000,0.149226,0.052561,0.117877,49.998934,49.998934,1.200000,0.149226
51.583333,0.149075,0.052552,0.117774,49.998934,49.998934,1.200000,0.149075
51.666667,0.148925,0.052543,0.117671,49.998934,49.998934,1.200000,0.148925
51.750000,0.148775,0.052534,0.117569,49.998934,49.998934,1.200000,0.148775
51.833333,0.148625,0.052524,0.117467,49.998934,49.998934,1.200000,0.148625
51.916667,0.148476,0.052515,0.117366,49.998934,49.998934,1.200000,0.148476
52.000000,0.148328,0.052506,0.117265,49.998934,49.998934,1.200000,0.148328
52.083333,0.148180,0.052497,0.117164,49.998934,49.998934,1.200000,0.148180
52.166667,0.148033,0.052488,0.117064,49.998934,49.998934,1.200000,0.148033
52.250000,0.147886,0.052480,0.116964,49.998934,49.998934,1.200000,0.147886
52.333333,0.147740,0.052471,0.116864,49.998934,49.998934,1.200000,0.147740
52.416667,0.147595,0.052462,0.116765,49.998934,49.998934,1.200000,0.147595
52.500000,0.147450,0.052453,0.116666,49.998934,49.998934,1.200000,0.147450
52.583333,0.147305,0.052444,0.116568,49.998934,49.998934,1.200000,0.147305
52.666667,0.147161,0.052436,0.116469,49.998934,49.998934,1.200000,0.147161
52.750000,0.147018,0.052427,0.116372,49.998934,49.998934,1.200000,0.147018
52.833333,0.146875,0.052418,0.116274,49.998934,49.998934,1.200000,0.146875
52.916667,0.146733,0.052410,0.116177,49.998934,49.998934,1.200000,0.146733
53.000000,0.146591,0.052401,0.116080,49.998934,49.998934,1.200000,0.146591
53.083333,0.146450,0.052393,0.115984,49.998934,49.998934,1.200000,0.146450
53.166667,0.146309,0.052385,0.115887,49.998934,49.998934,1.200000,0.146309
53.250000,0.146169,0.052376,0.115792,49.998934,49.998934,1.200000,0.146169
53.333333,0.146029,0.052368,0.115696,49.998934,49.998934,1.200000,0.146029
53.416667,0.145890,0.052360,0.115601,49.998934,49.998934,1.200000,0.145890
53.500000,0.145751,0.052352,0.115506,49.998934,49.998934,1.200000,0.145751
53.583333,0.145613,0.052343,0.115412,49.998934,49.998934,1.200000,0.145613
53.666667,0.145475,0.052335,0.115318,49.998934,49.998934,1.200000,0.145475
53.750000,0.145338,0.052327,0.115224,49.998934,49.998934,1.200000,0.145338
53.833333,0.145201,0.052319,0.115130,49.998934,49.998934,1.200000,0.145201
53.916667,0.145065,0.052312,0.115037,49.998934,49.998934,1.200000,0.145065
54.000000,0.144929,0.052304,0.114944,49.998934,49.998934,1.200000,0.144929
54.083333,0.144794,0.052296,0.114852,49.998934,49.998934,1.200000,0.144794
54.166667,0.144659,0.052288,0.114760,49.998934,49.998934,1.200000,0.144659
54.250000,0.144525,0.052281,0.114668,49.998934,49.998934,1.200000,0.144525
54.333333,0.144391,0.052273,0.114576,49.998934,49.998934,1.200000,0.144391
54.416667,0.144257,0.052265,0.114485,49.998934,49.998934,1.200000,0.144257
54.500000,0.144125,0.052258,0.114394,49.998934,49.998934,1.200000,0.144125
54.583333,0.143992,0.052250,0.114304,49.998934,49.998934,1.200000,0.143992
54.666667,0.143860,0.052243,0.114213,49.998934,49.998934,1.200000,0.143860
54.750000,0.143729,0.052235,0.114123,49.998934,49.998934,1.200000,0.143729
54.833333,0.143598,0.052228,0.114033,49.998934,49.998934,1.200000,0.143598
54.916667,0.143467,0.052220,0.113944,49.998934,49.998934,1.200000,0.143467
55.000000,0.143337,0.052213,0.113855,49.998934,49.998934,1.200000,0.143337
55.083333,0.143207,0.052206,0.113766,49.998934,49.998934,1.200000,0.143207
55.166667,0.143078,0.052198,0.113677,49.998934,49.998934,1.200000,0.143078
55.250000,0.142949,0.052191,0.113589,49.998934,49.998934,1.200000,0.142949
55.333333,0.142821,0.052184,0.113501,49.998934,49.998934,1.200000,0.142821
55.416667,0.142693,0.052177,0.113413,49.998934,49.998934,1.200000,0.142693
55.500000,0.142565,0.052170,0.113326,49.998934,49.998934,1.200000,0.142565
55.583333,0.142438,0.052163,0.113239,49.998934,49.998934,1.200000,0.142438
55.666667,0.142311,0.052155,0.113152,49.998934,49.998934,1.200000,0.142311
55.750000,0.142185,0.052149,0.113065,49.998934,49.998934,1.200000,0.142185
55.833333,0.142059,0.052142,0.112979,49.998934,49.998934,1.200000,0.142059
55.916667,0.141934,0.052135,0.112893,49.998934,49.998934,1.200000,0.141934
56.000000,0.141809,0.052128,0.112807,49.998934,49.998934,1.200000,0.141809
56.083333,0.141685,0.052121,0.112722,49.998934,49.998934,1.200000,0.141685
56.166667,0.141560,0.052114,0.112637,49.998934,49.998934,1.200000,0.141560
56.250000,0.141437,0.052107,0.112552,49.998934,49.998934,1.200000,0.141437
56.333333,0.141314,0.052100,0.112467,49.998934,49.998934,1.200000,0.141314
56.416667,0.141191,0.052094,0.112383,49.998934,49.998934,1.200000,0.141191
56.500000,0.141068,0.052087,0.112299,49.998934,49.998934,1.200000,0.141068
56.583333,0.140946,0.052080,0.112215,49.998934,49.998934,1.200000,0.140946
56.666667,0.140825,0.052074,0.112132,49.998934,49.998934,1.200000,0.140825
56.750000,0.140703,0.052067,0.112048,49.998934,49.998934,1.200000,0.140703
56.833333,0.140583,0.052061,0.111965,49.998934,49.998934,1.200000,0.140583
56.916667,0.140462,0.052054,0.111883,49.998934,49.998934,1.200000,0.140462
57.000000,0.140342,0.052047,0.111800,49.998934,49.998934,1.200000,0.140342
57.083333,0.140222,0.052041,0.111718,49.998934,49.998934,1.200000,0.140222
57.166667,0.140103,0.052034,0.111636,49.998934,49.998934,1.200000,0.140103
57.250000,0.139984,0.052028,0.111554,49.998934,49.998934,1.200000,0.139984
57.333333,0.139866,0.052022,0.111473,49.998934,49.998934,1.200000,0.139866
57.416667,0.139748,0.052015,0.111392,49.998934,49.998934,1.200000,0.139748
57.500000,0.139630,0.052009,0.111311,49.998934,49.998934,1.200000,0.139630
57.583333,0.139513,0.052003,0.111230,49.998934,49.998934,1.199833,0.139513
57.666667,0.139396,0.051996,0.111149,49.998934,49.998934,1.199667,0.139396
57.750000,0.139279,0.051990,0.111069,49.998934,49.998934,1.199500,0.139279
57.833333,0.139163,0.051984,0.110989,49.998934,49.998934,1.199333,0.139163
57.916667,0.139047,0.051978,0.110910,49.998934,49.998934,1.199167,0.139047
58.000000,0.138931,0.051972,0.110830,49.998934,49.998934,1.199000,0.138931
58.083333,0.138816,0.051966,0.110751,49.998934,49.998934,1.199000,0.138816
58.166667,0.138701,0.051960,0.110672,49.998934,49.998934,1.199000,0.138701
58.250000,0.138587,0.051954,0.110593,49.998934,49.998934,1.199000,0.138587
58.333333,0.138473,0.051948,0.110515,49.998934,49.998934,1.199000,0.138473
58.416667,0.138359,0.051942,0.110436,49.998934,49.998934,1.199000,0.138359
58.500000,0.138246,0.051936,0.110358,49.998934,49.998934,1.199000,0.138246
58.583333,0.138133,0.051930,0.110280,49.998934,49.998934,1.199000,0.138133
58.666667,0.138020,0.051924,0.110203,49.998934,49.998934,1.199000,0.138020
58.750000,0.137908,0.051918,0.110125,49.998934,49.998934,1.199000,0.137908
58.833333,0.137796,0.051913,0.110048,49.998934,49.998934,1.199000,0.137796
58.916667,0.137684,0.051907,0.109971,49.998934,49.998934,1.199000,0.137684
59.000000,0.137573,0.051901,0.109894,49.998934,49.998934,1.199000,0.137573
59.083333,0.137462,0.051895,0.109818,49.998934,49.998934,1.199000,0.137462
59.166667,0.137351,0.051890,0.109742,49.998934,49.998934,1.199000,0.137351
59.250000,0.137241,0.051884,0.109666,49.998934,49.998934,1.199000,0.137241
59.333333,0.137131,0.051879,0.109590,49.998934,49.998934,1.199000,0.137131
59.416667,0.137021,0.051873,0.109515,49.998934,49.998934,1.199000,0.137021
59.500000,0.136912,0.051867,0.109439,49.998934,49.998934,1.199000,0.136912
59.583333,0.136803,0.051862,0.109364,49.998934,49.998934,1.199000,0.136803
59.666667,0.136695,0.051856,0.109289,49.998934,49.998934,1.199000,0.136695
59.750000,0.136586,0.051851,0.109215,49.998934,49.998934,1.199000,0.136586
59.833333,0.136479,0.051845,0.109140,49.998934,49.998934,1.199000,0.136479
59.916667,0.136371,0.051840,0.109066,49.998934,49.998934,1.199000,0.136371
60.000000,0.136264,0.051834,0.108992,49.998934,49.998934,1.199000,0.136264
60.083333,0.136157,0.051829,0.108918,49.998934,49.998934,1.199000,0.136157
60.166667,0.136050,0.051823,0.108845,49.998934,49.998934,1.199000,0.136050
60.250000,0.135944,0.051818,0.108771,49.998934,49.998934,1.199000,0.135944
60.333333,0.135838,0.051813,0.108698,49.998934,49.998934,1.199000,0.135838
60.416667,0.135733,0.051807,0.108625,49.998934,49.998934,1.199000,0.135733
60.500000,0.135627,0.051802,0.108553,49.998934,49.998934,1.199000,0.135627
60.583333,0.135522,0.051797,0.108480,49.998934,49.998934,1.199000,0.135522
60.666667,0.135418,0.051791,0.108408,49.998934,49.998934,1.199000,0.135418
60.750000,0.135313,0.051786,0.108336,49.998934,49.998934,1.199000,0.135313
60.833333,0.135209,0.051781,0.108264,49.998934,49.998934,1.199000,0.135209
60.916667,0.135105,0.051776,0.108192,49.998934,49.998934,1.199000,0.135105
61.000000,0.135002,0.051771,0.108121,49.998934,49.998934,1.199000,0.135002
61.083333,0.134899,0.051765,0.108049,49.998934,49.998934,1.199000,0.134899
61.166667,0.134796,0.051760,0.107978,49.998934,49.998934,1.199000,0.134796
61.250000,0.134694,0.051755,0.107908,49.998934,49.998934,1.199000,0.134694
61.333333,0.134592,0.051750,0.107837,49.998934,49.998934,1.199000,0.134592
61.416667,0.134490,0.051745,0.107767,49.998934,49.998934,1.199000,0.134490
61.500000,0.134388,0.051740,0.107696,49.998934,49.998934,1.199000,0.134388
61.583333,0.134287,0.051735,0.107626,49.998934,49.998934,1.199000,0.134287
61.666667,0.134186,0.051730,0.107556,49.998934,49.998934,1.199000,0.134186
61.750000,0.134085,0.051725,0.107487,49.998934,49.998934,1.199000,0.134085
61.833333,0.133985,0.051720,0.107417,49.998934,49.998934,1.199000,0.133985
61.916667,0.133885,0.051715,0.107348,49.998934,49.998934,1.199000,0.133885
62.000000,0.133785,0.051710,0.107279,49.998934,49.998934,1.199000,0.133785
62.083333,0.133685,0.051705,0.107210,49.998934,49.998934,1.199000,0.133685
62.166667,0.133586,0.051700,0.107142,49.998934,49.998934,1.199000,0.133586
62.250000,0.133487,0.051695,0.107073,49.998934,49.998934,1.199000,0.133487
62.333333,0.133389,0.051691,0.107005,49.998934,49.998934,1.199000,0.133389
62.416667,0.133290,0.051686,0.106937,49.998934,49.998934,1.199000,0.133290
62.500000,0.133192,0.051681,0.106869,49.998934,49.998934,1.199000,0.133192
62.583333,0.133095,0.051676,0.106801,49.998934,49.998934,1.199000,0.133095
62.666667,0.132997,0.051671,0.106734,49.998934,49.998934,1.199000,0.132997
62.750000,0.132900,0.051667,0.106666,49.998934,49.998934,1.199000,0.132900
62.833333,0.132803,0.051662,0.106599,49.998934,49.998934,1.199000,0.132803
62.916667,0.132706,0.051657,0.106532,49.998934,49.998934,1.199000,0.132706
63.000000,0.132610,0.051653,0.106466,49.998934,49.998934,1.199000,0.132610
63.083333,0.132514,0.051648,0.106399,49.998934,49.998934,1.199000,0.132514
63.166667,0.132418,0.051643,0.106333,49.998934,49.998934,1.199000,0.132418
63.250000,0.132323,0.051639,0.106267,49.998934,49.998934,1.199000,0.132323
63.333333,0.132227,0.051634,0.106201,49.998934,49.998934,1.199000,0.132227
63.416667,0.132132,0.051630,0.106135,49.998934,49.998934,1.199000,0.132132
63.500000,0.132038,0.051625,0.106069,49.998934,49.998934,1.199000,0.132038
63.583333,0.131943,0.051621,0.106004,49.998934,49.998934,1.199000,0.131943
63.666667,0.131849,0.051616,0.105938,49.998934,49.998934,1.199000,0.131849
63.750000,0.131755,0.051612,0.105873,49.998934,49.998934,1.199000,0.131755
63.833333,0.131661,0.051607,0.105808,49.998934,49.998934,1.199000,0.131661
63.916667,0.131568,0.051603,0.105744,49.998934,49.998934,1.199000,0.131568
64.000000,0.131475,0.051598,0.105679,49.998934,49.998934,1.199000,0.131475
64.083333,0.131382,0.051594,0.105615,49.998934,49.998934,1.199000,0.131382
64.166667,0.131289,0.051590,0.105550,49.998934,49.998934,1.199000,0.131289
64.250000,0.131197,0.051585,0.105486,49.998934,49.998934,1.199000,0.131197
64.333333,0.131105,0.051581,0.105422,49.998934,49.998934,1.199000,0.131105
64.416667,0.131013,0.051577,0.105359,49.998934,49.998934,1.199000,0.131013
64.500000,0.130922,0.051572,0.105295,49.998934,49.998934,1.199000,0.130922
64.583333,0.130830,0.051568,0.105232,49.998934,49.998934,1.199000,0.130830
64.666667,0.130739,0.051564,0.105169,49.998934,49.998934,1.199000,0.130739
64.750000,0.130649,0.051559,0.105106,49.998934,49.998934,1.199000,0.130649
64.833333,0.130558,0.051555,0.105043,49.998934,49.998934,1.199000,0.130558
64.916667,0.130468,0.051551,0.104980,49.998934,49.998934,1.199000,0.130468
65.000000,0.130378,0.051547,0.104918,49.998934,49.998934,1.199000,0.130378
65.083333,0.130288,0.051543,0.104855,49.998934,49.998934,1.199000,0.130288
65.166667,0.130198,0.051538,0.104793,49.998934,49.998934,1.199000,0.130198
65.250000,0.130109,0.051534,0.104731,49.998934,49.998934,1.199000,0.130109
65.333333,0.130020,0.051530,0.104669,49.998934,49.998934,1.199000,0.130020
65.416667,0.129931,0.051526,0.104608,49.998934,49.998934,1.199000,0.129931
65.500000,0.129843,0.051522,0.104546,49.998934,49.998934,1.199000,0.129843
65.583333,0.129754,0.051518,0.104485,49.998934,49.998934,1.199000,0.129754
65.666667,0.129666,0.051514,0.104424,49.998934,49.998934,1.199000,0.129666
65.750000,0.129578,0.051510,0.104362,49.998934,49.998934,1.199000,0.129578
65.833333,0.129491,0.051506,0.104302,49.998934,49.998934,1.199000,0.129491
65.916667,0.129403,0.051502,0.104241,49.998934,49.998934,1.199000,0.129403
66.000000,0.129316,0.051498,0.104180,49.998934,49.998934,1.199000,0.129316
66.083333,0.129229,0.051494,0.104120,49.998934,49.998934,1.199000,0.129229
66.166667,0.129143,0.051490,0.104060,49.998934,49.998934,1.199000,0.129143
66.250000,0.129056,0.051486,0.103999,49.998934,49.998934,1.199000,0.129056
66.333333,0.128970,0.051483,0.103939,49.998934,49.998934,1.199000,0.128970
66.416667,0.128884,0.051479,0.103880,49.998934,49.998934,1.199000,0.128884
66.500000,0.128798,0.051475,0.103820,49.998934,49.998934,1.199000,0.128798
66.583333,0.128713,0.051471,0.103760,49.998934,49.998934,1.198833,0.128713
66.666667,0.128627,0.051467,0.103701,49.998934,49.998934,1.198667,0.128627
66.750000,0.128542,0.051464,0.103642,49.998934,49.998934,1.198500,0.128542
66.833333,0.128457,0.051460,0.103583,49.998934,49.998934,1.198333,0.128457
66.916667,0.128372,0.051456,0.103524,49.998934,49.998934,1.198167,0.128372
67.000000,0.128288,0.051453,0.103465,49.998934,49.998934,1.198000,0.128288
67.083333,0.128204,0.051449,0.103406,49.998934,49.998934,1.198000,0.128204
67.166667,0.128120,0.051445,0.103348,49.998934,49.998934,1.198000,0.128120
67.250000,0.128036,0.051442,0.103290,49.998934,49.998934,1.198000,0.128036
67.333333,0.127952,0.051438,0.103231,49.998934,49.998934,1.198000,0.127952
67.416667,0.127869,0.051435,0.103173,49.998934,49.998934,1.198000,0.127869
67.500000,0.127786,0.051431,0.103116,49.998934,49.998934,1.198000,0.127786
67.583333,0.127703,0.051427,0.103058,49.998934,49.998934,1.198000,0.127703
67.666667,0.127620,0.051424,0.103000,49.998934,49.998934,1.198000,0.127620
67.750000,0.127538,0.051420,0.102943,49.998934,49.998934,1.198000,0.127538
67.833333,0.127456,0.051417,0.102885,49.998934,49.998934,1.198000,0.127456
67.916667,0.127374,0.051413,0.102828,49.998934,49.998934,1.198000,0.127374
68.000000,0.127292,0.051410,0.102771,49.998934,49.998934,1.198000,0.127292
68.083333,0.127210,0.051406,0.102714,49.998934,49.998934,1.198000,0.127210
68.166667,0.127129,0.051403,0.102658,49.998934,49.998934,1.198000,0.127129
68.250000,0.127048,0.051399,0.102601,49.998934,49.998934,1.198000,0.127048
68.333333,0.126967,0.051396,0.102545,49.998934,49.998934,1.198000,0.126967
68.416667,0.126886,0.051392,0.102488,49.998934,49.998934,1.198000,0.126886
68.500000,0.126805,0.051389,0.102432,49.998934,49.998934,1.198000,0.126805
68.583333,0.126725,0.051385,0.102376,49.998934,49.998934,1.198000,0.126725
68.666667,0.126645,0.051382,0.102320,49.998934,49.998934,1.198000,0.126645
68.750000,0.126565,0.051378,0.102264,49.998934,49.998934,1.198000,0.126565
68.833333,0.126485,0.051375,0.102209,49.998934,49.998934,1.198000,0.126485
68.916667,0.126406,0.051372,0.102153,49.998934,49.998934,1.198000,0.126406
69.000000,0.126326,0.051368,0.102098,49.998934,49.998934,1.198000,0.126326
69.083333,0.126247,0.051365,0.102043,49.998934,49.998934,1.198000,0.126247
69.166667,0.126168,0.051361,0.101988,49.998934,49.998934,1.198000,0.126168
69.250000,0.126090,0.051358,0.101933,49.998934,49.998934,1.198000,0.126090
69.333333,0.126011,0.051354,0.101878,49.998934,49.998934,1.198000,0.126011
69.416667,0.125933,0.051351,0.101824,49.998934,49.998934,1.198000,0.125933
69.500000,0.125855,0.051347,0.101769,49.998934,49.998934,1.198000,0.125855
69.583333,0.125777,0.051344,0.101715,49.998934,49.998934,1.198000,0.125777
69.666667,0.125699,0.051340,0.101660,49.998934,49.998934,1.198000,0.125699
69.750000,0.125622,0.051337,0.101606,49.998934,49.998934,1.198000,0.125622
69.833333,0.125544,0.051333,0.101552,49.998934,49.998934,1.198000,0.125544
69.916667,0.125467,0.051330,0.101499,49.998934,49.998934,1.198000,0.125467
70.000000,0.125390,0.051326,0.101445,49.998934,49.998934,1.198000,0.125390
70.083333,0.125313,0.051323,0.101391,49.998934,49.998934,1.198000,0.125313
70.166667,0.125237,0.051319,0.101338,49.998934,49.998934,1.198000,0.125237
70.250000,0.125161,0.051316,0.101285,49.998934,49.998934,1.198000,0.125161
70.333333,0.125084,0.051313,0.101231,49.998934,49.998934,1.198000,0.125084
70.416667,0.125008,0.051309,0.101178,49.998934,49.998934,1.198000,0.125008
70.500000,0.124933,0.051306,0.101126,49.998934,49.998934,1.198000,0.124933
70.583333,0.124857,0.051303,0.101073,49.998934,49.998934,1.198000,0.124857
70.666667,0.124782,0.051299,0.101020,49.998934,49.998934,1.198000,0.124782
70.750000,0.124706,0.051296,0.100968,49.998934,49.998934,1.198000,0.124706
70.833333,0.124631,0.051293,0.100915,49.998934,49.998934,1.198000,0.124631
70.916667,0.124557,0.051290,0.100863,49.998934,49.998934,1.198000,0.124557
71.000000,0.124482,0.051287,0.100811,49.998934,49.998934,1.198000,0.124482
71.083333,0.124408,0.051283,0.100759,49.998934,49.998934,1.198000,0.124408
71.166667,0.124333,0.051280,0.100707,49.998934,49.998934,1.198000,0.124333
71.250000,0.124259,0.051277,0.100655,49.998934,49.998934,1.198000,0.124259
71.333333,0.124185,0.051274,0.100604,49.998934,49.998934,1.198000,0.124185
71.416667,0.124112,0.051271,0.100552,49.998934,49.998934,1.198000,0.124112
71.500000,0.124038,0.051268,0.100501,49.998934,49.998934,1.198000,0.124038
71.583333,0.123965,0.051265,0.100449,49.998934,49.998934,1.198000,0.123965
71.666667,0.123891,0.051262,0.100398,49.998934,49.998934,1.198000,0.123891
71.750000,0.123818,0.051259,0.100347,49.998934,49.998934,1.198000,0.123818
71.833333,0.123746,0.051256,0.100296,49.998934,49.998934,1.198000,0.123746
71.916667,0.123673,0.051253,0.100245,49.998934,49.998934,1.198000,0.123673
72.000000,0.123600,0.051250,0.100195,49.998934,49.998934,1.198000,0.123600
72.083333,0.123528,0.051248,0.100144,49.998934,49.998934,1.198000,0.123528
72.166667,0.123456,0.051245,0.100094,49.998934,49.998934,1.198000,0.123456
72.250000,0.123384,0.051242,0.100044,49.998934,49.998934,1.198000,0.123384
72.333333,0.123312,0.051239,0.099993,49.998934,49.998934,1.198000,0.123312
72.416667,0.123241,0.051236,0.099943,49.998934,49.998934,1.198000,0.123241
72.500000,0.123169,0.051233,0.099893,49.998934,49.998934,1.198000,0.123169
72.583333,0.123098,0.051230,0.099843,49.998934,49.998934,1.198000,0.123098
72.666667,0.123027,0.051227,0.099794,49.998934,49.998934,1.198000,0.123027
72.750000,0.122956,0.051225,0.099744,49.998934,49.998934,1.198000,0.122956
72.833333,0.122885,0.051222,0.099695,49.998934,49.998934,1.198000,0.122885
72.916667,0.122815,0.051219,0.099645,49.998934,49.998934,1.198000,0.122815
73.000000,0.122744,0.051216,0.099596,49.998934,49.998934,1.198000,0.122744
73.083333,0.122674,0.051213,0.099547,49.998934,49.998934,1.198000,0.122674
73.166667,0.122604,0.051211,0.099498,49.998934,49.998934,1.198000,0.122604
73.250000,0.122534,0.051208,0.099449,49.998934,49.998934,1.198000,0.122534
73.333333,0.122464,0.051205,0.099400,49.998934,49.998934,1.198000,0.122464
73.416667,0.122395,0.051203,0.099351,49.998934,49.998934,1.198000,0.122395
73.500000,0.122325,0.051200,0.099303,49.998934,49.998934,1.198000,0.122325
73.583333,0.122256,0.051197,0.099254,49.998934,49.998934,1.198000,0.122256
73.666667,0.122187,0.051194,0.099206,49.998934,49.998934,1.198000,0.122187
73.750000,0.122118,0.051192,0.099157,49.998934,49.998934,1.198000,0.122118
73.833333,0.122049,0.051189,0.099109,49.998934,49.998934,1.198000,0.122049
73.916667,0.121981,0.051186,0.099061,49.998934,49.998934,1.198000,0.121981
74.000000,0.121912,0.051184,0.099013,49.998934,49.998934,1.198000,0.121912
74.083333,0.121844,0.051181,0.098965,49.998934,49.998934,1.198000,0.121844
74.166667,0.121776,0.051178,0.098918,49.998934,49.998934,1.198000,0.121776
74.250000,0.121708,0.051176,0.098870,49.998934,49.998934,1.198000,0.121708
74.333333,0.121640,0.051173,0.098822,49.998934,49.998934,1.198000,0.121640
74.416667,0.121573,0.051170,0.098775,49.998934,49.998934,1.198000,0.121573
74.500000,0.121505,0.051168,0.098728,49.998934,49.998934,1.198000,0.121505
74.583333,0.121438,0.051165,0.098681,49.998934,49.998934,1.198000,0.121438
74.666667,0.121371,0.051162,0.098633,49.998934,49.998934,1.198000,0.121371
74.750000,0.121304,0.051160,0.098586,49.998934,49.998934,1.198000,0.121304
74.833333,0.121237,0.051157,0.098540,49.998934,49.998934,1.198000,0.121237
74.916667,0.121170,0.051154,0.098493,49.998934,49.998934,1.198000,0.121170
75.000000,0.121104,0.051152,0.098446,49.998934,49.998934,1.198000,0.121104
75.083333,0.121037,0.051149,0.098399,49.998934,49.998934,1.198000,0.121037
75.166667,0.120971,0.051147,0.098353,49.998934,49.998934,1.198000,0.120971
75.250000,0.120905,0.051144,0.098307,49.998934,49.998934,1.198000,0.120905
75.333333,0.120839,0.051141,0.098260,49.998934,49.998934,1.198000,0.120839
75.416667,0.120773,0.051139,0.098214,49.998934,49.998934,1.198000,0.120773
75.500000,0.120708,0.051136,0.098168,49.998934,49.998934,1.198000,0.120708
75.583333,0.120642,0.051134,0.098122,49.998934,49.998934,1.198000,0.120642
75.666667,0.120577,0.051131,0.098076,49.998934,49.998934,1.198000,0.120577
75.750000,0.120512,0.051128,0.098031,49.998934,49.998934,1.198000,0.120512
75.833333,0.120447,0.051126,0.097985,49.998934,49.998934,1.198000,0.120447
75.916667,0.120382,0.051123,0.097940,49.998934,49.998934,1.198000,0.120382
76.000000,0.120317,0.051121,0.097894,49.998934,49.998934,1.198000,0.120317
76.083333,0.120253,0.051118,0.097849,49.998934,49.998934,1.198000,0.120253
76.166667,0.120188,0.051115,0.097804,49.998934,49.998934,1.198000,0.120188
76.250000,0.120124,0.051113,0.097758,49.998934,49.998934,1.198000,0.120124
76.333333,0.120060,0.051110,0.097713,49.998934,49.998934,1.198000,0.120060
76.416667,0.119996,0.051108,0.097668,49.998934,49.998934,1.198000,0.119996
76.500000,0.119932,0.051105,0.097624,49.998934,49.998934,1.198000,0.119932
76.583333,0.119868,0.051103,0.097579,49.998934,49.998934,1.198000,0.119868
76.666667,0.119805,0.051100,0.097534,49.998934,49.998934,1.198000,0.119805
76.750000,0.119741,0.051098,0.097490,49.998934,49.998934,1.198000,0.119741
76.833333,0.119678,0.051095,0.097445,49.998934,49.998934,1.198000,0.119678
76.916667,0.119615,0.051093,0.097401,49.998934,49.998934,1.198000,0.119615
77.000000,0.119552,0.051090,0.097357,49.998934,49.998934,1.198000,0.119552
77.083333,0.119489,0.051088,0.097312,49.998934,49.998934,1.198000,0.119489
77.166667,0.119426,0.051085,0.097268,49.998934,49.998934,1.198000,0.119426
77.250000,0.119363,0.051083,0.097224,49.998934,49.998934,1.198000,0.119363
77.333333,0.119301,0.051081,0.097181,49.998934,49.998934,1.198000,0.119301
77.416667,0.119238,0.051078,0.097137,49.998934,49.998934,1.198000,0.119238
77.500000,0.119176,0.051076,0.097093,49.998934,49.998934,1.198000,0.119176
77.583333,0.119114,0.051074,0.097049,49.998934,49.998934,1.198000,0.119114
77.666667,0.119052,0.051071,0.097006,49.998934,49.998934,1.198000,0.119052
77.750000,0.118991,0.051069,0.096963,49.998934,49.998934,1.198000,0.118991
77.833333,0.118929,0.051067,0.096919,49.998934,49.998934,1.198000,0.118929
77.916667,0.118867,0.051064,0.096876,49.998934,49.998934,1.198000,0.118867
78.000000,0.118806,0.051062,0.096833,49.998934,49.998934,1.198000,0.118806
78.083333,0.118745,0.051060,0.096790,49.998934,49.998934,1.198000,0.118745
78.166667,0.118684,0.051057,0.096747,49.998934,49.998934,1.198000,0.118684
78.250000,0.118623,0.051055,0.096704,49.998934,49.998934,1.198000,0.118623
78.333333,0.118562,0.051053,0.096661,49.998934,49.998934,1.198000,0.118562
78.416667,0.118501,0.051051,0.096619,49.998934,49.998934,1.198000,0.118501
78.500000,0.118441,0.051048,0.096576,49.998934,49.998934,1.198000,0.118441
78.583333,0.118380,0.051046,0.096534,49.998934,49.998934,1.198000,0.118380
78.666667,0.118320,0.051044,0.096491,49.998934,49.998934,1.198000,0.118320
78.750000,0.118260,0.051042,0.096449,49.998934,49.998934,1.198000,0.118260
78.833333,0.118199,0.051039,0.096407,49.998934,49.998934,1.198000,0.118199
78.916667,0.118140,0.051037,0.096364,49.998934,49.998934,1.198000,0.118140
79.000000,0.118080,0.051035,0.096322,49.998934,49.998934,1.198000,0.118080
79.083333,0.118020,0.051033,0.096280,49.998934,49.998934,1.198000,0.118020
79.166667,0.117961,0.051031,0.096239,49.998934,49.998934,1.198000,0.117961
79.250000,0.117901,0.051028,0.096197,49.998934,49.998934,1.198000,0.117901
79.333333,0.117842,0.051026,0.096155,49.998934,49.998934,1.198000,0.117842
79.416667,0.117783,0.051024,0.096113,49.998934,49.998934,1.198000,0.117783
79.500000,0.117724,0.051022,0.096072,49.998934,49.998934,1.198000,0.117724
79.583333,0.117665,0.051020,0.096030,49.998934,49.998934,1.198000,0.117665
79.666667,0.117606,0.051018,0.095989,49.998934,49.998934,1.198000,0.117606
79.750000,0.117548,0.051016,0.095948,49.998934,49.998934,1.198000,0.117548
79.833333,0.117489,0.051014,0.095907,49.998934,49.998934,1.198000,0.117489
79.916667,0.117431,0.051011,0.095866,49.998934,49.998934,1.198000,0.117431
80.000000,0.117372,0.051009,0.095825,49.998934,49.998934,1.198000,0.117372
80.083333,0.117314,0.051007,0.095784,49.998934,49.998934,1.198000,0.117314
80.166667,0.117256,0.051005,0.095743,49.998934,49.998934,1.198000,0.117256
80.250000,0.117198,0.051003,0.095702,49.998934,49.998934,1.198000,0.117198
80.333333,0.117140,0.051001,0.095661,49.998934,49.998934,1.198000,0.117140
80.416667,0.117083,0.050999,0.095621,49.998934,49.998934,1.198000,0.117083
80.500000,0.117025,0.050997,0.095580,49.998934,49.998934,1.198000,0.117025
80.583333,0.116968,0.050995,0.095540,49.998934,49.998934,1.198000,0.116968
80.666667,0.116911,0.050993,0.095499,49.998934,49.998934,1.198000,0.116911
80.750000,0.116853,0.050991,0.095459,49.998934,49.998934,1.198000,0.116853
80.833333,0.116796,0.050989,0.095419,49.998934,49.998934,1.198000,0.116796
80.916667,0.116739,0.050987,0.095379,49.998934,49.998934,1.198000,0.116739
81.000000,0.116683,0.050985,0.095339,49.998934,49.998934,1.198000,0.116683
81.083333,0.116626,0.050983,0.095299,49.998934,49.998934,1.198000,0.116626
81.166667,0.116569,0.050981,0.095259,49.998934,49.998934,1.198000,0.116569
81.250000,0.116513,0.050979,0.095219,49.998934,49.998934,1.198000,0.116513
81.333333,0.116457,0.050977,0.095180,49.998934,49.998934,1.198000,0.116457
81.416667,0.116401,0.050975,0.095140,49.998934,49.998934,1.198000,0.116401
81.500000,0.116344,0.050973,0.095101,49.998934,49.998934,1.198000,0.116344
81.583333,0.116288,0.050971,0.095061,49.998934,49.998934,1.198000,0.116288
81.666667,0.116233,0.050969,0.095022,49.998934,49.998934,1.198000,0.116233
81.750000,0.116177,0.050967,0.094982,49.998934,49.998934,1.198000,0.116177
81.833333,0.116121,0.050965,0.094943,49.998934,49.998934,1.198000,0.116121
81.916667,0.116066,0.050963,0.094904,49.998934,49.998934,1.198000,0.116066
82.000000,0.116010,0.050961,0.094865,49.998934,49.998934,1.198000,0.116010
82.083333,0.115955,0.050959,0.094826,49.998934,49.998934,1.198000,0.115955
82.166667,0.115900,0.050957,0.094787,49.998934,49.998934,1.198000,0.115900
82.250000,0.115845,0.050955,0.094748,49.998934,49.998934,1.198000,0.115845
82.333333,0.115790,0.050953,0.094709,49.998934,49.998934,1.198000,0.115790
82.416667,0.115735,0.050951,0.094671,49.998934,49.998934,1.198000,0.115735
82.500000,0.115680,0.050949,0.094632,49.998934,49.998934,1.198000,0.115680
82.583333,0.115626,0.050947,0.094594,49.998934,49.998934,1.198000,0.115626
82.666667,0.115571,0.050945,0.094555,49.998934,49.998934,1.198000,0.115571
82.750000,0.115517,0.050944,0.094517,49.998934,49.998934,1.198000,0.115517
82.833333,0.115463,0.050942,0.094479,49.998934,49.998934,1.198000,0.115463
82.916667,0.115408,0.050940,0.094440,49.998934,49.998934,1.198000,0.115408
83.000000,0.115354,0.050938,0.094402,49.998934,49.998934,1.198000,0.115354
83.083333,0.115301,0.050936,0.094364,49.998934,49.998934,1.198000,0.115301
83.166667,0.115247,0.050934,0.094326,49.998934,49.998934,1.198000,0.115247
83.250000,0.115193,0.050932,0.094288,49.998934,49.998934,1.198000,0.115193
83.333333,0.115139,0.050930,0.094250,49.998934,49.998934,1.198000,0.115139
83.416667,0.115086,0.050928,0.094213,49.998934,49.998934,1.198000,0.115086
83.500000,0.115032,0.050927,0.094175,49.998934,49.998934,1.198000,0.115032
83.583333,0.114979,0.050925,0.094137,49.998934,49.998934,1.198000,0.114979
83.666667,0.114925,0.050923,0.094100,49.998934,49.998934,1.198000,0.114925
83.750000,0.114872,0.050921,0.094062,49.998934,49.998934,1.198000,0.114872
83.833333,0.114819,0.050919,0.094025,49.998934,49.998934,1.198000,0.114819
83.916667,0.114766,0.050917,0.093987,49.998934,49.998934,1.198000,0.114766
84.000000,0.114713,0.050916,0.093950,49.998934,49.998934,1.198000,0.114713
84.083333,0.114661,0.050914,0.093913,49.998934,49.998934,1.198000,0.114661
84.166667,0.114608,0.050912,0.093876,49.998934,49.998934,1.198000,0.114608
84.250000,0.114555,0.050910,0.093838,49.998934,49.998934,1.198000,0.114555
84.333333,0.114503,0.050908,0.093801,49.998934,49.998934,1.198000,0.114503
84.416667,0.114451,0.050906,0.093764,49.998934,49.998934,1.198000,0.114451
84.500000,0.114398,0.050905,0.093728,49.998934,49.998934,1.198000,0.114398
84.583333,0.114346,0.050903,0.093691,49.998934,49.998934,1.198000,0.114346
84.666667,0.114294,0.050901,0.093654,49.998934,49.998934,1.198000,0.114294
84.750000,0.114242,0.050899,0.093617,49.998934,49.998934,1.198000,0.114242
84.833333,0.114190,0.050898,0.093581,49.998934,49.998934,1.198000,0.114190
84.916667,0.114139,0.050896,0.093544,49.998934,49.998934,1.198000,0.114139
85.000000,0.114087,0.050894,0.093508,49.998934,49.998934,1.198000,0.114087
85.083333,0.114036,0.050892,0.093472,49.998934,49.998934,1.198000,0.114036
85.166667,0.113984,0.050890,0.093435,49.998934,49.998934,1.198000,0.113984
85.250000,0.113933,0.050889,0.093399,49.998934,49.998934,1.198000,0.113933
85.333333,0.113882,0.050887,0.093363,49.998934,49.998934,1.198000,0.113882
85.416667,0.113831,0.050885,0.093327,49.998934,49.998934,1.198000,0.113831
85.500000,0.113780,0.050884,0.093291,49.998934,49.998934,1.198000,0.113780
85.583333,0.113729,0.050882,0.093255,49.998934,49.998934,1.198000,0.113729
85.666667,0.113678,0.050880,0.093219,49.998934,49.998934,1.198000,0.113678
85.750000,0.113627,0.050878,0.093183,49.998934,49.998934,1.198000,0.113627
85.833333,0.113577,0.050877,0.093147,49.998934,49.998934,1.198000,0.113577
85.916667,0.113526,0.050875,0.093112,49.998934,49.998934,1.198000,0.113526
86.000000,0.113476,0.050873,0.093076,49.998934,49.998934,1.198000,0.113476
86.083333,0.113426,0.050872,0.093041,49.998934,49.998934,1.198000,0.113426
86.166667,0.113376,0.050870,0.093005,49.998934,49.998934,1.198000,0.113376
86.250000,0.113326,0.050868,0.092970,49.998934,49.998934,1.198000,0.113326
86.333333,0.113276,0.050867,0.092935,49.998934,49.998934,1.198000,0.113276
86.416667,0.113226,0.050865,0.092899,49.998934,49.998934,1.198000,0.113226
86.500000,0.113176,0.050863,0.092864,49.998934,49.998934,1.198000,0.113176
86.583333,0.113126,0.050862,0.092829,49.998934,49.998934,1.198000,0.113126
86.666667,0.113076,0.050860,0.092794,49.998934,49.998934,1.198000,0.113076
86.750000,0.113027,0.050858,0.092759,49.998934,49.998934,1.198000,0.113027
86.833333,0.112977,0.050857,0.092724,49.998934,49.998934,1.198000,0.112977
86.916667,0.112928,0.050855,0.092689,49.998934,49.998934,1.198000,0.112928
87.000000,0.112879,0.050853,0.092654,49.998934,49.998934,1.198000,0.112879
87.083333,0.112829,0.050852,0.092619,49.998934,49.998934,1.198000,0.112829
87.166667,0.112780,0.050850,0.092584,49.998934,49.998934,1.198000,0.112780
87.250000,0.112731,0.050848,0.092550,49.998934,49.998934,1.198000,0.112731
87.333333,0.112682,0.050847,0.092515,49.998934,49.998934,1.198000,0.112682
87.416667,0.112634,0.050845,0.092481,49.998934,49.998934,1.198000,0.112634
87.500000,0.112585,0.050844,0.092446,49.998934,49.998934,1.198000,0.112585
87.583333,0.112536,0.050842,0.092412,49.998934,49.998934,1.198000,0.112536
87.666667,0.112488,0.050841,0.092378,49.998934,49.998934,1.198000,0.112488
87.750000,0.112439,0.050839,0.092343,49.998934,49.998934,1.198000,0.112439
87.833333,0.112391,0.050837,0.092309,49.998934,49.998934,1.198000,0.112391
87.916667,0.112343,0.050836,0.092275,49.998934,49.998934,1.198000,0.112343
88.000000,0.112295,0.050834,0.092241,49.998934,49.998934,1.198000,0.112295
88.083333,0.112247,0.050833,0.092207,49.998934,49.998934,1.198000,0.112247
88.166667,0.112199,0.050831,0.092173,49.998934,49.998934,1.198000,0.112199
88.250000,0.112151,0.050830,0.092139,49.998934,49.998934,1.198000,0.112151
88.333333,0.112103,0.050828,0.092106,49.998934,49.998934,1.198000,0.112103
88.416667,0.112056,0.050827,0.092072,49.998934,49.998934,1.198000,0.112056
88.500000,0.112008,0.050825,0.092038,49.998934,49.998934,1.198000,0.112008
88.583333,0.111961,0.050823,0.092005,49.998934,49.998934,1.198000,0.111961
88.666667,0.111913,0.050822,0.091971,49.998934,49.998934,1.198000,0.111913
88.750000,0.111866,0.050820,0.091938,49.998934,49.998934,1.198000,0.111866
88.833333,0.111819,0.050819,0.091904,49.998934,49.998934,1.198000,0.111819
88.916667,0.111772,0.050817,0.091871,49.998934,49.998934,1.198000,0.111772
89.000000,0.111725,0.050816,0.091838,49.998934,49.998934,1.198000,0.111725
89.083333,0.111678,0.050814,0.091805,49.998934,49.998934,1.198000,0.111678
89.166667,0.111631,0.050813,0.091771,49.998934,49.998934,1.198000,0.111631
89.250000,0.111585,0.050811,0.091738,49.998934,49.998934,1.198000,0.111585
89.333333,0.111538,0.050810,0.091705,49.998934,49.998934,1.198000,0.111538
89.416667,0.111491,0.050808,0.091672,49.998934,49.998934,1.198000,0.111491
89.500000,0.111445,0.050807,0.091639,49.998934,49.998934,1.198000,0.111445
89.583333,0.111398,0.050805,0.091606,49.998934,49.998934,1.198000,0.111398
89.666667,0.111352,0.050804,0.091573,49.998934,49.998934,1.198000,0.111352
89.750000,0.111305,0.050803,0.091541,49.998934,49.998934,1.198000,0.111305
89.833333,0.111259,0.050801,0.091508,49.998934,49.998934,1.198000,0.111259
89.916667,0.111213,0.050800,0.091475,49.998934,49.998934,1.198000,0.111213
90.000000,0.111167,0.050798,0.091443,49.998934,49.998934,1.198000,0.111167
90.083333,0.111121,0.050797,0.091410,49.998934,49.998934,1.198000,0.111121
90.166667,0.111075,0.050795,0.091378,49.998934,49.998934,1.198000,0.111075
90.250000,0.111029,0.050794,0.091345,49.998934,49.998934,1.198000,0.111029
90.333333,0.110984,0.050792,0.091313,49.998934,49.998934,1.198000,0.110984
90.416667,0.110938,0.050791,0.091280,49.998934,49.998934,1.198000,0.110938
90.500000,0.110893,0.050789,0.091248,49.998934,49.998934,1.198000,0.110893
90.583333,0.110847,0.050788,0.091216,49.998934,49.998934,1.198000,0.110847
90.666667,0.110802,0.050787,0.091184,49.998934,49.998934,1.198000,0.110802
90.750000,0.110757,0.050785,0.091152,49.998934,49.998934,1.198000,0.110757
90.833333,0.110711,0.050784,0.091120,49.998934,49.998934,1.198000,0.110711
90.916667,0.110666,0.050782,0.091088,49.998934,49.998934,1.198000,0.110666
91.000000,0.110621,0.050781,0.091056,49.998934,49.998934,1.198000,0.110621
91.083333,0.110576,0.050780,0.091024,49.998934,49.998934,1.198000,0.110576
91.166667,0.110532,0.050778,0.090992,49.998934,49.998934,1.198000,0.110532
91.250000,0.110487,0.050777,0.090961,49.998934,49.998934,1.198000,0.110487
91.333333,0.110442,0.050775,0.090929,49.998934,49.998934,1.198000,0.110442
91.416667,0.110398,0.050774,0.090897,49.998934,49.998934,1.198000,0.110398
91.500000,0.110353,0.050773,0.090866,49.998934,49.998934,1.198000,0.110353
91.583333,0.110309,0.050771,0.090834,49.998934,49.998934,1.198000,0.110309
91.666667,0.110264,0.050770,0.090803,49.998934,49.998934,1.198000,0.110264
91.750000,0.110220,0.050768,0.090772,49.998934,49.998934,1.198000,0.110220
91.833333,0.110176,0.050767,0.090740,49.998934,49.998934,1.198000,0.110176
91.916667,0.110132,0.050766,0.090709,49.998934,49.998934,1.198000,0.110132
92.000000,0.110088,0.050764,0.090678,49.998934,49.998934,1.198000,0.110088
92.083333,0.110044,0.050763,0.090647,49.998934,49.998934,1.198000,0.110044
92.166667,0.110000,0.050762,0.090616,49.998934,49.998934,1.198000,0.110000
92.250000,0.109956,0.050760,0.090585,49.998934,49.998934,1.198000,0.109956
92.333333,0.109913,0.050759,0.090553,49.998934,49.998934,1.198000,0.109913
92.416667,0.109869,0.050758,0.090522,49.998934,49.998934,1.198000,0.109869
92.500000,0.109825,0.050756,0.090492,49.998934,49.998934,1.198000,0.109825
92.583333,0.109782,0.050755,0.090461,49.998934,49.998934,1.198000,0.109782
92.666667,0.109738,0.050754,0.090430,49.998934,49.998934,1.198000,0.109738
92.750000,0.109695,0.050752,0.090399,49.998934,49.998934,1.198000,0.109695
92.833333,0.109652,0.050751,0.090368,49.998934,49.998934,1.198000,0.109652
92.916667,0.109608,0.050750,0.090338,49.998934,49.998934,1.198000,0.109608
93.000000,0.109565,0.050748,0.090307,49.998934,49.998934,1.198000,0.109565
93.083333,0.109522,0.050747,0.090277,49.998934,49.998934,1.198000,0.109522
93.166667,0.109479,0.050746,0.090246,49.998934,49.998934,1.198000,0.109479
93.250000,0.109436,0.050744,0.090216,49.998934,49.998934,1.198000,0.109436
93.333333,0.109394,0.050743,0.090185,49.998934,49.998934,1.198000,0.109394
93.416667,0.109351,0.050742,0.090155,49.998934,49.998934,1.198000,0.109351
93.500000,0.109308,0.050740,0.090125,49.998934,49.998934,1.198000,0.109308
93.583333,0.109266,0.050739,0.090094,49.998934,49.998934,1.198000,0.109266
93.666667,0.109223,0.050738,0.090064,49.998934,49.998934,1.198000,0.109223
93.750000,0.109181,0.050737,0.090034,49.998934,49.998934,1.198000,0.109181
93.833333,0.109138,0.050735,0.090004,49.998934,49.998934,1.198000,0.109138
93.916667,0.109096,0.050734,0.089974,49.998934,49.998934,1.198000,0.109096
94.000000,0.109054,0.050733,0.089944,49.998934,49.998934,1.198000,0.109054
94.083333,0.109012,0.050731,0.089914,49.998934,49.998934,1.198000,0.109012
94.166667,0.108970,0.050730,0.089884,49.998934,49.998934,1.198000,0.108970
94.250000,0.108928,0.050729,0.089855,49.998934,49.998934,1.198000,0.108928
94.333333,0.108886,0.050728,0.089825,49.998934,49.998934,1.198000,0.108886
94.416667,0.108844,0.050726,0.089795,49.998934,49.998934,1.198000,0.108844
94.500000,0.108802,0.050725,0.089766,49.998934,49.998934,1.198000,0.108802
94.583333,0.108761,0.050724,0.089736,49.998934,49.998934,1.198000,0.108761
94.666667,0.108719,0.050723,0.089707,49.998934,49.998934,1.198000,0.108719
94.750000,0.108678,0.050721,0.089677,49.998934,49.998934,1.198000,0.108678
94.833333,0.108636,0.050720,0.089648,49.998934,49.998934,1.198000,0.108636
94.916667,0.108595,0.050719,0.089618,49.998934,49.998934,1.198000,0.108595
95.000000,0.108554,0.050718,0.089589,49.998934,49.998934,1.198000,0.108554
95.083333,0.108512,0.050716,0.089560,49.998934,49.998934,1.198000,0.108512
95.166667,0.108471,0.050715,0.089530,49.998934,49.998934,1.198000,0.108471
95.250000,0.108430,0.050714,0.089501,49.998934,49.998934,1.198000,0.108430
95.333333,0.108389,0.050713,0.089472,49.998934,49.998934,1.198000,0.108389
95.416667,0.108348,0.050712,0.089443,49.998934,49.998934,1.198000,0.108348
95.500000,0.108307,0.050710,0.089414,49.998934,49.998934,1.198000,0.108307
95.583333,0.108266,0.050709,0.089385,49.998934,49.998934,1.198000,0.108266
95.666667,0.108225,0.050708,0.089356,49.998934,49.998934,1.198000,0.108225
95.750000,0.108184,0.050707,0.089327,49.998934,49.998934,1.198000,0.108184
95.833333,0.108144,0.050705,0.089298,49.998934,49.998934,1.198000,0.108144
95.916667,0.108103,0.050704,0.089269,49.998934,49.998934,1.198000,0.108103
96.000000,0.108063,0.050703,0.089240,49.998934,49.998934,1.198000,0.108063
