id,profile_path,profile_samples,profile_nodes,profile_start_s,profile_end_s,profile_weighted_fraction_time_average,profile_support_fraction_time_average,profile_weighted_fraction_initial,profile_weighted_fraction_end,profile_support_fraction_initial,profile_support_fraction_end,profile_mean_C_end,profile_max_C_end,profile_mass_fraction_C_above_015_end,profile_min_T_C,profile_max_T_C
t1_q4_mov_cur_eps_m150,results/profiles/t1_q4_mov_cur_eps_m150.npz,393,321,0.0,217091.92066856276,0.0,0.0,0.0,0.0,0.0,0.0,0.12380542376031599,0.15,0.0,28.0,50.013955536884225
t1_q4_mov_cur_eps_m100,results/profiles/t1_q4_mov_cur_eps_m100.npz,379,321,0.0,205063.0692415737,0.0,0.0,0.0,0.0,0.0,0.0,0.122182975844367,0.15,0.0,28.0,50.01401357925209
t1_q4_mov_cur_eps_m050,results/profiles/t1_q4_mov_cur_eps_m050.npz,366,321,0.0,193996.08790600637,0.0,0.0,0.0,0.0,0.0,0.0,0.12038701886452814,0.15,0.0,28.0,50.01409152855794
t1_q4_mov_cur_eps_z000,results/profiles/t1_q4_mov_cur_eps_z000.npz,354,321,0.0,183918.67127343052,0.0,0.0,0.0,0.0,0.0,0.0,0.11840393973564305,0.15,0.0,28.0,50.014191560281404
t1_q4_mov_cur_eps_p050,results/profiles/t1_q4_mov_cur_eps_p050.npz,344,321,0.0,174839.14034080284,0.0,0.0,0.0,0.0,0.0,0.0,0.11622535938582608,0.15,0.0,28.0,50.01431610438346
t1_q4_mov_cur_eps_p100,results/profiles/t1_q4_mov_cur_eps_p100.npz,335,321,0.0,166762.69250813697,0.0,0.0,0.0,0.0,0.0,0.0,0.11384732472595267,0.15,0.0,28.0,50.01446787550767
t1_q4_mov_cur_eps_p150,results/profiles/t1_q4_mov_cur_eps_p150.npz,326,321,0.0,159689.4410407866,0.0,0.0,0.0,0.0,0.0,0.0,0.11127194083772898,0.15,0.0,28.0,50.014649902617656
t1_q4_mov_ini_eps_m150,results/profiles/t1_q4_mov_ini_eps_m150.npz,408,321,0.0,230610.4207545807,0.0,0.0,0.0,0.0,0.0,0.0,0.12398082338094853,0.15,0.0,28.0,50.012117180951314
t1_q4_mov_ini_eps_m100,results/profiles/t1_q4_mov_ini_eps_m100.npz,396,321,0.0,219634.89461178103,0.0,0.0,0.0,0.0,0.0,0.0,0.12239854935533223,0.15,0.0,28.0,50.01188353203439
t1_q4_mov_ini_eps_m050,results/profiles/t1_q4_mov_ini_eps_m050.npz,384,321,0.0,209597.88471910355,0.0,0.0,0.0,0.0,0.0,0.0,0.12064959925225015,0.15,0.0,28.0,50.011650906124906
t1_q4_mov_ini_eps_z000,results/profiles/t1_q4_mov_ini_eps_z000.npz,374,321,0.0,200479.49357444764,0.0,0.0,0.0,0.0,0.0,0.0,0.11872594126373262,0.15,0.0,28.0,50.01141937132172
t1_q4_mov_ini_eps_p050,results/profiles/t1_q4_mov_ini_eps_p050.npz,364,321,0.0,192284.2197387755,0.0,0.0,0.0,0.0,0.0,0.0,0.11662006266393087,0.15,0.0,28.0,50.01118895244776
t1_q4_mov_ini_eps_p100,results/profiles/t1_q4_mov_ini_eps_p100.npz,356,321,0.0,185003.92312668063,0.0,0.0,0.0,0.0,0.0,0.0,0.11432958688444889,0.15,0.0,28.0,50.01095962215184
t1_q4_mov_ini_eps_p150,results/profiles/t1_q4_mov_ini_eps_p150.npz,348,321,0.0,178623.52824026725,0.0,0.0,0.0,0.0,0.0,0.0,0.11185864913836008,0.15,0.0,28.0,50.010731291152034
t1_q3_fix_cur_eps_z000,results/profiles/t1_q3_fix_cur_eps_z000.npz,381,321,0.0,206906.38550188617,0.0,0.0,0.0,0.0,0.0,0.0,0.12430684890728494,0.15,0.0,28.0,50.00667334578132
t1_q3_mov_cur_eps_z000,results/profiles/t1_q3_mov_cur_eps_z000.npz,247,321,0.0,90866.25131538058,0.0,0.0,0.0,0.0,0.0,0.0,0.1243307246436545,0.15,0.0,28.0,50.03307163990616
t1_q4_fix_cur_eps_z000,results/profiles/t1_q4_fix_cur_eps_z000.npz,373,321,0.0,467454.7465515726,0.0,0.0,0.0,0.0,0.0,0.0,0.1183521869954549,0.15,0.0,28.0,50.01327038219282
t2_q3_fix_cur_baseline,results/profiles/t2_q3_fix_cur_baseline.npz,381,321,0.0,206906.37119180989,0.0,0.0,0.0,0.0,0.0,0.0,0.12430684891641283,0.15,0.0,28.0,50.008010991762774
t2_q3_fix_cur_outer_d_m100_w050,results/profiles/t2_q3_fix_cur_outer_d_m100_w050.npz,383,321,0.0,208847.9288783893,0.0974854985314919,0.09773223287246903,0.0974854985314919,0.0974854985314919,0.09773223287246903,0.09773223287246903,0.12472015086441313,0.15,0.0,28.0,50.00779504649557
t2_q3_fix_cur_outer_d_m050_w050,results/profiles/t2_q3_fix_cur_outer_d_m050_w050.npz,382,321,0.0,207853.06866560478,0.0974854985314919,0.09773223287246904,0.0974854985314919,0.0974854985314919,0.09773223287246903,0.09773223287246903,0.12451111975996326,0.15,0.0,28.0,50.007905376349754
t2_q3_fix_cur_outer_d_p050_w050,results/profiles/t2_q3_fix_cur_outer_d_p050_w050.npz,380,321,0.0,206005.41434567873,0.0974854985314919,0.09773223287246903,0.0974854985314919,0.0974854985314919,0.09773223287246903,0.09773223287246903,0.12410728944952225,0.15,0.0,28.0,50.008112080634845
t2_q3_fix_cur_outer_d_p100_w050,results/profiles/t2_q3_fix_cur_outer_d_p100_w050.npz,379,321,0.0,205147.900407529,0.0974854985314919,0.09773223287246904,0.0974854985314919,0.0974854985314919,0.09773223287246903,0.09773223287246903,0.12391238720338058,0.15,0.0,28.0,50.00820882491092
t2_q3_fix_cur_outer_d_m100_w100,results/profiles/t2_q3_fix_cur_outer_d_m100_w100.npz,385,321,0.0,210745.7374603712,0.18992210342358598,0.18827475009230463,0.18992210342358595,0.18992210342358595,0.18827475009230468,0.18827475009230468,0.12494524623902205,0.15,0.0,28.0,50.00763111433808
t2_q3_fix_cur_outer_d_m050_w100,results/profiles/t2_q3_fix_cur_outer_d_m050_w100.npz,383,321,0.0,208777.47313693768,0.18992210342358595,0.18827475009230463,0.18992210342358595,0.18992210342358595,0.18827475009230468,0.18827475009230468,0.1246239867168421,0.15,0.0,28.0,50.0078248925639
t2_q3_fix_cur_outer_d_p050_w100,results/profiles/t2_q3_fix_cur_outer_d_p050_w100.npz,379,321,0.0,205127.49459627407,0.18992210342358598,0.18827475009230463,0.18992210342358595,0.18992210342358595,0.18827475009230468,0.18827475009230468,0.1239939604609051,0.15,0.0,28.0,50.00818966480764
t2_q3_fix_cur_outer_d_p100_w100,results/profiles/t2_q3_fix_cur_outer_d_p100_w100.npz,377,321,0.0,203436.15652193048,0.18992210342358598,0.18827475009230463,0.18992210342358595,0.18992210342358595,0.18827475009230468,0.18827475009230468,0.12368543488545766,0.15,0.0,28.0,50.00836116118588
t2_q3_fix_cur_outer_d_m100_w200,results/profiles/t2_q3_fix_cur_outer_d_m100_w200.npz,390,321,0.0,214287.5063031487,0.3596737359837844,0.36027242659231595,0.3596737359837844,0.3596737359837844,0.3602724265923159,0.3602724265923159,0.12513800366652486,0.15,0.0,28.0,50.00741695291323
t2_q3_fix_cur_outer_d_m050_w200,results/profiles/t2_q3_fix_cur_outer_d_m050_w200.npz,385,321,0.0,210502.23143108387,0.3596737359837844,0.36027242659231595,0.3596737359837844,0.3596737359837844,0.3602724265923159,0.3602724265923159,0.12472308224738016,0.15,0.0,28.0,50.00771916743307
t2_q3_fix_cur_outer_d_p050_w200,results/profiles/t2_q3_fix_cur_outer_d_p050_w200.npz,377,321,0.0,203490.43279907928,0.35967373598378444,0.3602724265923159,0.3596737359837844,0.3596737359837844,0.3602724265923159,0.3602724265923159,0.12388966701818581,0.15,0.0,28.0,50.0082926327176
t2_q3_fix_cur_outer_d_p100_w200,results/profiles/t2_q3_fix_cur_outer_d_p100_w200.npz,373,321,0.0,200245.38036091055,0.3596737359837844,0.360272426592316,0.3596737359837844,0.3596737359837844,0.3602724265923159,0.3602724265923159,0.12347189681180976,0.15,0.0,28.0,50.00856430672587
t2_q3_fix_cur_inner_d_m100_w050,results/profiles/t2_q3_fix_cur_inner_d_m100_w050.npz,401,321,0.0,224233.22939030261,0.9025145014685083,0.902267767127531,0.9025145014685082,0.9025145014685082,0.902267767127531,0.902267767127531,0.12390936104343665,0.15,0.0,28.0,50.00734987904232
t2_q3_fix_cur_inner_d_m050_w050,results/profiles/t2_q3_fix_cur_inner_d_m050_w050.npz,391,321,0.0,215344.4310706387,0.9025145014685084,0.9022677671275308,0.9025145014685082,0.9025145014685082,0.902267767127531,0.902267767127531,0.12410576339570754,0.15,0.0,28.0,50.00768291629067
t2_q3_fix_cur_inner_d_p050_w050,results/profiles/t2_q3_fix_cur_inner_d_p050_w050.npz,372,321,0.0,198896.7769712796,0.9025145014685083,0.9022677671275311,0.9025145014685082,0.9025145014685082,0.902267767127531,0.902267767127531,0.12451267458039905,0.15,0.0,28.0,50.008333747860604
t2_q3_fix_cur_inner_d_p100_w050,results/profiles/t2_q3_fix_cur_inner_d_p100_w050.npz,363,321,0.0,191294.42589484033,0.9025145014685082,0.9022677671275311,0.9025145014685082,0.9025145014685082,0.902267767127531,0.902267767127531,0.12472329218774261,0.15,0.0,28.0,50.007022346359875
t2_q3_fix_cur_inner_d_m100_w100,results/profiles/t2_q3_fix_cur_inner_d_m100_w100.npz,399,321,0.0,222332.66466992363,0.810077896576414,0.8117252499076956,0.8100778965764142,0.8100778965764142,0.8117252499076955,0.8117252499076955,0.12368235514497855,0.15,0.0,28.0,50.00587429293523
t2_q3_fix_cur_inner_d_m050_w100,results/profiles/t2_q3_fix_cur_inner_d_m050_w100.npz,390,321,0.0,214419.29158801597,0.810077896576414,0.8117252499076956,0.8100778965764142,0.8100778965764144,0.8117252499076955,0.8117252499076955,0.12399242066576965,0.15,0.0,28.0,50.00612810433704
t2_q3_fix_cur_inner_d_p050_w100,results/profiles/t2_q3_fix_cur_inner_d_p050_w100.npz,373,321,0.0,199773.9048762604,0.810077896576414,0.8117252499076955,0.8100778965764142,0.8100778965764142,0.8117252499076955,0.8117252499076955,0.12462552702962912,0.15,0.0,28.0,50.00662583542068
t2_q3_fix_cur_inner_d_p100_w100,results/profiles/t2_q3_fix_cur_inner_d_p100_w100.npz,365,321,0.0,193002.96919933552,0.8100778965764142,0.8117252499076956,0.8100778965764142,0.8100778965764142,0.8117252499076955,0.8117252499076955,0.12494832791491306,0.15,0.0,28.0,50.006869091102146
t2_q3_fix_cur_inner_d_m100_w200,results/profiles/t2_q3_fix_cur_inner_d_m100_w200.npz,395,321,0.0,218787.52876562596,0.640326264016216,0.6397275734076843,0.6403262640162158,0.6403262640162158,0.6397275734076842,0.6397275734076842,0.12346873946177625,0.15,0.0,28.0,50.006087620414554
t2_q3_fix_cur_inner_d_m050_w200,results/profiles/t2_q3_fix_cur_inner_d_m050_w200.npz,388,321,0.0,212693.66491820876,0.640326264016216,0.6397275734076843,0.6403262640162158,0.6403262640162158,0.6397275734076842,0.6397275734076842,0.12388810768044663,0.15,0.0,28.0,50.00623383316726
t2_q3_fix_cur_inner_d_p050_w200,results/profiles/t2_q3_fix_cur_inner_d_p050_w200.npz,375,321,0.0,201410.04714938955,0.6403262640162161,0.6397275734076843,0.6403262640162158,0.6403262640162158,0.6397275734076842,0.6397275734076842,0.12472460275533329,0.15,0.0,28.0,50.00652206656839
t2_q3_fix_cur_inner_d_p100_w200,results/profiles/t2_q3_fix_cur_inner_d_p100_w200.npz,369,321,0.0,196189.97361473026,0.6403262640162161,0.6397275734076843,0.6403262640162158,0.6403262640162158,0.6397275734076842,0.6397275734076842,0.1251410056865959,0.15,0.0,28.0,50.00666360063794
t2_q3_fix_cur_lowC_d_m100_c150_s020,results/profiles/t2_q3_fix_cur_lowC_d_m100_c150_s020.npz,389,321,0.0,214270.4627733985,0.34369750449209757,0.3479594060852112,0.0,0.8388494067434596,0.0,0.9999945154201257,0.12472045879310704,0.15,0.0,28.0,50.00637873146788
t2_q3_fix_cur_lowC_d_m050_c150_s020,results/profiles/t2_q3_fix_cur_lowC_d_m050_c150_s020.npz,385,321,0.0,210548.4672003692,0.3421984959420952,0.34675237017378474,0.0,0.8406736312017542,0.0,0.9999945154201257,0.12451425821509159,0.15,0.0,28.0,50.00637873146788
t2_q3_fix_cur_lowC_d_p050_c150_s020,results/profiles/t2_q3_fix_cur_lowC_d_p050_c150_s020.npz,377,321,0.0,203342.28412687214,0.3392078519634972,0.3444765452156169,0.0,0.8443252327539156,0.0,0.9999945154201257,0.12409823883334495,0.15,0.0,28.0,50.00637873146788
t2_q3_fix_cur_lowC_d_p100_c150_s020,results/profiles/t2_q3_fix_cur_lowC_d_p100_c150_s020.npz,373,321,0.0,199854.4891708198,0.33771523183453744,0.3433846843448505,0.0,0.8461521445296211,0.0,0.9999945154201257,0.12388843670129619,0.15,0.0,28.0,50.00637873146788
t2_q3_fix_cur_lowC_d_m100_c200_s020,results/profiles/t2_q3_fix_cur_lowC_d_m100_c200_s020.npz,397,321,0.0,220890.04592551992,0.6212858740497544,0.6315853399397028,0.0,0.9984231551349529,0.0,1.0000000000000002,0.12431533352588925,0.15,0.0,28.0,50.00637873146788
t2_q3_fix_cur_lowC_d_m050_c200_s020,results/profiles/t2_q3_fix_cur_lowC_d_m050_c200_s020.npz,389,321,0.0,213743.37282448,0.613974035419905,0.6240667762539445,0.0,0.9984236909614885,0.0,1.0000000000000002,0.12431107153437192,0.15,0.0,28.0,50.00637873146788
t2_q3_fix_cur_lowC_d_p050_c200_s020,results/profiles/t2_q3_fix_cur_lowC_d_p050_c200_s020.npz,373,321,0.0,200364.98020543891,0.5991688090508533,0.6091124898182934,0.0,0.9984247708429763,0.0,1.0000000000000002,0.12430267209909604,0.15,0.0,28.0,50.00637873146788
t2_q3_fix_cur_lowC_d_p100_c200_s020,results/profiles/t2_q3_fix_cur_lowC_d_p100_c200_s020.npz,366,321,0.0,194105.96378605955,0.5916810757432647,0.601469799040307,0.0,0.9984253148036256,0.0,1.0000000000000002,0.12429854832892982,0.15,0.0,28.0,50.00775300002424
t2_q3_fix_cur_lowC_d_m100_c300_s020,results/profiles/t2_q3_fix_cur_lowC_d_m100_c300_s020.npz,400,321,0.0,223717.9418401609,0.7770289978291408,0.7781861748914791,0.0,0.9999999282021045,0.0,1.0000000000000002,0.1243039968239491,0.15,0.0,28.0,50.00775300002424
t2_q3_fix_cur_lowC_d_m050_c300_s020,results/profiles/t2_q3_fix_cur_lowC_d_m050_c300_s020.npz,390,321,0.0,215106.57364751358,0.7701138223009689,0.771299925995805,0.0,0.9999999282004955,0.0,1.0000000000000002,0.12430537040287029,0.15,0.0,28.0,50.00775300002424
t2_q3_fix_cur_lowC_d_p050_c300_s020,results/profiles/t2_q3_fix_cur_lowC_d_p050_c300_s020.npz,372,321,0.0,199098.05920638045,0.7557582447727043,0.7570192160516795,0.0,0.9999999281968404,0.0,1.0000000000000002,0.12430844218419425,0.15,0.0,28.0,50.00775300002424
t2_q3_fix_cur_lowC_d_p100_c300_s020,results/profiles/t2_q3_fix_cur_lowC_d_p100_c300_s020.npz,363,321,0.0,191663.24003931062,0.7483182374298998,0.7496156849582463,0.0,0.9999999281947612,0.0,1.0000000000000002,0.12431016109093855,0.15,0.0,28.0,50.00775300002424
t2_q3_fix_cur_global_d_m100,results/profiles/t2_q3_fix_cur_global_d_m100.npz,403,321,0.0,226184.42526136426,1.0000000000000002,1.0000000000000002,1.0000000000000002,1.0000000000000002,1.0000000000000002,1.0000000000000002,0.12430398574656336,0.15,0.0,28.0,50.006877747867655
t2_q3_fix_cur_global_d_m050,results/profiles/t2_q3_fix_cur_global_d_m050.npz,392,321,0.0,216293.54135448678,1.0000000000000002,1.0000000000000002,1.0000000000000002,1.0000000000000002,1.0000000000000002,1.0000000000000002,0.12430536474540106,0.15,0.0,28.0,50.007319287911315
t2_q3_fix_cur_global_d_p050,results/profiles/t2_q3_fix_cur_global_d_p050.npz,371,321,0.0,197998.22400256948,1.0000000000000002,1.0000000000000002,1.0000000000000002,1.0000000000000002,1.0000000000000002,1.0000000000000002,0.12430844810469244,0.15,0.0,28.0,50.00817852739038
t2_q3_fix_cur_global_d_p100,results/profiles/t2_q3_fix_cur_global_d_p100.npz,361,321,0.0,189545.53623662994,1.0000000000000002,1.0000000000000002,1.0000000000000002,1.0000000000000002,1.0000000000000002,1.0000000000000002,0.12431017321817048,0.15,0.0,28.0,50.00859553000528
t2_q3_fix_cur_lowC_d_m100_c200_s010,results/profiles/t2_q3_fix_cur_lowC_d_m100_c200_s010.npz,397,321,0.0,221064.48895905804,0.6291076704028491,0.6313478390108843,0.0,0.9999942150069312,0.0,1.0000000000000002,0.12430671771846147,0.15,0.0,28.0,50.00775300002424
t2_q3_fix_cur_lowC_d_p100_c200_s010,results/profiles/t2_q3_fix_cur_lowC_d_p100_c200_s010.npz,366,321,0.0,193955.02897912232,0.5992571104426623,0.6017359813403294,0.0,0.9999942169070344,0.0,1.0000000000000002,0.12430721843664487,0.15,0.0,28.0,50.00775300002424
t2_q3_fix_cur_lowC_d_m100_c200_s040,results/profiles/t2_q3_fix_cur_lowC_d_m100_c200_s040.npz,396,321,0.0,220110.57633789926,0.5918517982079768,0.6307788758260321,0.0,0.9689217858831057,0.0,1.0000000000000002,0.12436900494196516,0.15,0.0,28.0,50.00775300002424
t2_q3_fix_cur_lowC_d_p100_c200_s040,results/profiles/t2_q3_fix_cur_lowC_d_p100_c200_s040.npz,367,321,0.0,194757.19713022647,0.5657941405367718,0.6023382144148085,0.0,0.9690730454792985,0.0,1.0000000000000002,0.12424467318696647,0.15,0.0,28.0,50.00775300002424
t2_q4_mov_cur_baseline,results/profiles/t2_q4_mov_cur_baseline.npz,354,321,0.0,183918.654978427,0.0,0.0,0.0,0.0,0.0,0.0,0.11840393974655557,0.15,0.0,28.0,50.01534364897293
t2_q4_mov_cur_outer_d_m100_w050,results/profiles/t2_q4_mov_cur_outer_d_m100_w050.npz,356,321,0.0,185647.63862514865,0.0974854985314919,0.09773223287246904,0.0974854985314919,0.0974854985314919,0.09773223287246903,0.09773223287246903,0.11886500189628135,0.15,0.0,28.0,50.01506169837017
t2_q4_mov_cur_outer_d_m050_w050,results/profiles/t2_q4_mov_cur_outer_d_m050_w050.npz,355,321,0.0,184761.68612315448,0.0974854985314919,0.09773223287246903,0.0974854985314919,0.0974854985314919,0.09773223287246903,0.09773223287246903,0.11863140092463181,0.15,0.0,28.0,50.015205084894355
t2_q4_mov_cur_outer_d_p050_w050,results/profiles/t2_q4_mov_cur_outer_d_p050_w050.npz,353,321,0.0,183116.4242259485,0.0974854985314919,0.09773223287246904,0.0974854985314919,0.0974854985314919,0.09773223287246903,0.09773223287246903,0.11818253399230541,0.15,0.0,28.0,50.012534183387366
t2_q4_mov_cur_outer_d_p100_w050,results/profiles/t2_q4_mov_cur_outer_d_p100_w050.npz,353,321,0.0,182352.84872242046,0.09748549853149188,0.09773223287246904,0.0974854985314919,0.0974854985314919,0.09773223287246903,0.09773223287246903,0.11796709389862464,0.15,0.0,28.0,50.01265965887818
t2_q4_mov_cur_outer_d_m100_w100,results/profiles/t2_q4_mov_cur_outer_d_m100_w100.npz,358,321,0.0,187346.2021300362,0.189922103423586,0.18827475009230463,0.18992210342358595,0.189922103423586,0.18827475009230468,0.18827475009230468,0.11913680373645026,0.15,0.0,28.0,50.01196013378718
t2_q4_mov_cur_outer_d_m050_w100,results/profiles/t2_q4_mov_cur_outer_d_m050_w100.npz,356,321,0.0,185588.98303185444,0.189922103423586,0.18827475009230463,0.18992210342358595,0.18992210342358595,0.18827475009230468,0.18827475009230468,0.11876735513498843,0.15,0.0,28.0,50.01218487053382
t2_q4_mov_cur_outer_d_p050_w100,results/profiles/t2_q4_mov_cur_outer_d_p050_w100.npz,353,321,0.0,182330.91613170816,0.18992210342358598,0.18827475009230465,0.18992210342358595,0.18992210342358595,0.18827475009230468,0.18827475009230468,0.11804668331175264,0.15,0.0,28.0,50.012618082591096
t2_q4_mov_cur_outer_d_p100_w100,results/profiles/t2_q4_mov_cur_outer_d_p100_w100.npz,351,321,0.0,180821.41765744006,0.18992210342358595,0.1882747500923046,0.18992210342358595,0.18992210342358595,0.18827475009230468,0.18827475009230468,0.11769569319839876,0.15,0.0,28.0,50.01282648568809
t2_q4_mov_cur_outer_d_m100_w200,results/profiles/t2_q4_mov_cur_outer_d_m100_w200.npz,362,321,0.0,190536.86101321218,0.35967373598378444,0.36027242659231595,0.3596737359837844,0.3596737359837844,0.3602724265923159,0.3602724265923159,0.1193879639760316,0.15,0.0,28.0,50.011819376029784
t2_q4_mov_cur_outer_d_m050_w200,results/profiles/t2_q4_mov_cur_outer_d_m050_w200.npz,358,321,0.0,187142.8686687522,0.35967373598378444,0.36027242659231595,0.3596737359837844,0.3596737359837844,0.3602724265923159,0.3602724265923159,0.11889598743386517,0.15,0.0,28.0,50.012113302565076
t2_q4_mov_cur_outer_d_p050_w200,results/profiles/t2_q4_mov_cur_outer_d_p050_w200.npz,351,321,0.0,180855.87137902103,0.3596737359837844,0.360272426592316,0.3596737359837844,0.3596737359837844,0.3602724265923159,0.3602724265923159,0.11791229659058867,0.15,0.0,28.0,50.01269177971225
t2_q4_mov_cur_outer_d_p100_w200,results/profiles/t2_q4_mov_cur_outer_d_p100_w200.npz,347,321,0.0,177946.29945467808,0.3596737359837844,0.360272426592316,0.3596737359837844,0.3596737359837844,0.3602724265923159,0.3602724265923159,0.11742152530383095,0.15,0.0,28.0,50.01297576047837
t2_q4_mov_cur_inner_d_m100_w050,results/profiles/t2_q4_mov_cur_inner_d_m100_w050.npz,372,321,0.0,199223.08406346093,0.9025145014685081,0.9022677671275311,0.9025145014685082,0.9025145014685082,0.902267767127531,0.902267767127531,0.11795360583775497,0.15,0.0,28.0,50.01205307765238
t2_q4_mov_cur_inner_d_m050_w050,results/profiles/t2_q4_mov_cur_inner_d_m050_w050.npz,363,321,0.0,191374.69476349352,0.9025145014685081,0.9022677671275311,0.9025145014685082,0.9025145014685082,0.902267767127531,0.902267767127531,0.11817571953752856,0.15,0.0,28.0,50.01222795017278
t2_q4_mov_cur_inner_d_p050_w050,results/profiles/t2_q4_mov_cur_inner_d_p050_w050.npz,346,321,0.0,176836.09895275248,0.9025145014685083,0.902267767127531,0.9025145014685082,0.9025145014685082,0.902267767127531,0.902267767127531,0.11863836310055478,0.15,0.0,28.0,50.01258184061679
t2_q4_mov_cur_inner_d_p100_w050,results/profiles/t2_q4_mov_cur_inner_d_p100_w050.npz,338,321,0.0,170108.79514689185,0.9025145014685082,0.9022677671275309,0.9025145014685082,0.9025145014685082,0.902267767127531,0.902267767127531,0.11887908095414634,0.15,0.0,28.0,50.012760873493896
t2_q4_mov_cur_inner_d_m100_w100,results/profiles/t2_q4_mov_cur_inner_d_m100_w100.npz,370,321,0.0,197527.92772903194,0.8100778965764142,0.8117252499076956,0.8100778965764142,0.8100778965764144,0.8117252499076955,0.8117252499076955,0.11768196681626485,0.15,0.0,28.0,50.01222282531766
t2_q4_mov_cur_inner_d_m050_w100,results/profiles/t2_q4_mov_cur_inner_d_m050_w100.npz,362,321,0.0,190548.23110407632,0.8100778965764142,0.8117252499076956,0.8100778965764142,0.8100778965764144,0.8117252499076955,0.8117252499076955,0.1180398078913775,0.15,0.0,28.0,50.012312558502
t2_q4_mov_cur_inner_d_p050_w100,results/profiles/t2_q4_mov_cur_inner_d_p050_w100.npz,347,321,0.0,177622.28392377868,0.8100778965764142,0.8117252499076955,0.8100778965764142,0.8100778965764142,0.8117252499076955,0.8117252499076955,0.11877425343215367,0.15,0.0,28.0,50.014798208997256
t2_q4_mov_cur_inner_d_p100_w100,results/profiles/t2_q4_mov_cur_inner_d_p100_w100.npz,340,321,0.0,171642.74985353198,0.8100778965764142,0.8117252499076956,0.8100778965764142,0.8100778965764142,0.8117252499076955,0.8117252499076955,0.1191506210993,0.15,0.0,28.0,50.01488895463776
t2_q4_mov_cur_inner_d_m100_w200,results/profiles/t2_q4_mov_cur_inner_d_m100_w200.npz,366,321,0.0,194342.15101388266,0.640326264016216,0.6397275734076844,0.6403262640162158,0.6403262640162154,0.6397275734076842,0.6397275734076842,0.11740746392985223,0.15,0.0,28.0,50.014680260220594
t2_q4_mov_cur_inner_d_m050_w200,results/profiles/t2_q4_mov_cur_inner_d_m050_w200.npz,360,321,0.0,188995.4776882686,0.640326264016216,0.6397275734076844,0.6403262640162158,0.6403262640162158,0.6397275734076842,0.6397275734076842,0.11790533676544039,0.15,0.0,28.0,50.01469406659375
t2_q4_mov_cur_inner_d_p050_w200,results/profiles/t2_q4_mov_cur_inner_d_p050_w200.npz,349,321,0.0,179098.30423120968,0.640326264016216,0.6397275734076843,0.6403262640162158,0.6403262640162158,0.6397275734076842,0.6397275734076842,0.1189028001661242,0.15,0.0,28.0,50.01472634443574
t2_q4_mov_cur_inner_d_p100_w200,results/profiles/t2_q4_mov_cur_inner_d_p100_w200.npz,343,321,0.0,174521.44805299185,0.640326264016216,0.6397275734076844,0.6403262640162158,0.6403262640162158,0.6397275734076842,0.6397275734076842,0.11940143717179585,0.15,0.0,28.0,50.01474482658494
t2_q4_mov_cur_lowC_d_m100_c150_s020,results/profiles/t2_q4_mov_cur_lowC_d_m100_c150_s020.npz,361,321,0.0,189721.996302865,0.30684238989712204,0.3101790500604667,0.0,0.8687306607227565,0.0,0.9999945154201257,0.118904813981339,0.15,0.0,28.0,50.01470942581324
t2_q4_mov_cur_lowC_d_m050_c150_s020,results/profiles/t2_q4_mov_cur_lowC_d_m050_c150_s020.npz,358,321,0.0,186790.72990872612,0.3053938433704925,0.3090385096407585,0.0,0.8705872343840956,0.0,0.9999945154201257,0.11865492305539876,0.15,0.0,28.0,50.01470942581324
t2_q4_mov_cur_lowC_d_p050_c150_s020,results/profiles/t2_q4_mov_cur_lowC_d_p050_c150_s020.npz,351,321,0.0,181104.55638879788,0.30253175484812583,0.30683653732759175,0.0,0.8742905265855114,0.0,0.9999945154201257,0.11815189208331144,0.15,0.0,28.0,50.01470942581324
t2_q4_mov_cur_lowC_d_p100_c150_s020,results/profiles/t2_q4_mov_cur_lowC_d_p100_c150_s020.npz,348,321,0.0,178347.03202149435,0.3011168611829718,0.30569381499596865,0.0,0.8761365761758595,0.0,0.9999945154201257,0.11789881019032511,0.15,0.0,28.0,50.01470942581324
t2_q4_mov_cur_lowC_d_m100_c200_s020,results/profiles/t2_q4_mov_cur_lowC_d_m100_c200_s020.npz,367,321,0.0,194467.58445894456,0.5250118452190073,0.5319226718557742,0.0,0.9987385603464057,0.0,1.0000000000000002,0.11841146889123834,0.15,0.0,28.0,50.01470942581324
t2_q4_mov_cur_lowC_d_m050_c200_s020,results/profiles/t2_q4_mov_cur_lowC_d_m050_c200_s020.npz,360,321,0.0,189083.21124352972,0.5178364002546529,0.5247358995359485,0.0,0.9987392063764698,0.0,1.0000000000000002,0.11840760076947944,0.15,0.0,28.0,50.01470942581324
t2_q4_mov_cur_lowC_d_p050_c200_s020,results/profiles/t2_q4_mov_cur_lowC_d_p050_c200_s020.npz,349,321,0.0,178964.20053010172,0.5035718175687158,0.51025839357435,0.0,0.9987405121480741,0.0,1.0000000000000002,0.11840050675388464,0.15,0.0,28.0,50.01470942581324
t2_q4_mov_cur_lowC_d_p100_c200_s020,results/profiles/t2_q4_mov_cur_lowC_d_p100_c200_s020.npz,343,321,0.0,174210.37990374406,0.49648995787060785,0.5033009653602769,0.0,0.9987411716996882,0.0,1.0000000000000002,0.11839732501102479,0.15,0.0,28.0,50.01470942581324
t2_q4_mov_cur_lowC_d_m100_c300_s020,results/profiles/t2_q4_mov_cur_lowC_d_m100_c300_s020.npz,370,321,0.0,197126.9636328871,0.6848169939428339,0.6860244126432332,0.0,0.9999999425993168,0.0,1.0000000000000002,0.11839112514731313,0.15,0.0,28.0,50.01470942581324
t2_q4_mov_cur_lowC_d_m050_c300_s020,results/profiles/t2_q4_mov_cur_lowC_d_m050_c300_s020.npz,362,321,0.0,190369.1172057252,0.6773753269302502,0.678493001988512,0.0,0.999999942593446,0.0,1.0000000000000002,0.11839732400781716,0.15,0.0,28.0,50.01470942581324
t2_q4_mov_cur_lowC_d_p050_c300_s020,results/profiles/t2_q4_mov_cur_lowC_d_p050_c300_s020.npz,347,321,0.0,177761.3516655635,0.6622482270537157,0.6634692021847516,0.0,0.9999999425803501,0.0,1.0000000000000002,0.11841100510655715,0.15,0.0,28.0,50.014850622314555
t2_q4_mov_cur_lowC_d_p100_c300_s020,results/profiles/t2_q4_mov_cur_lowC_d_p100_c300_s020.npz,340,321,0.0,171883.54579779366,0.654569404095044,0.6558832892336394,0.0,0.9999999425730429,0.0,1.0000000000000002,0.11841855592931137,0.15,0.0,28.0,50.014850622314555
t2_q4_mov_cur_global_d_m100,results/profiles/t2_q4_mov_cur_global_d_m100.npz,374,321,0.0,200954.59282754944,1.0000000000000002,1.0000000000000002,1.0000000000000002,1.0000000000000002,1.0000000000000002,1.0000000000000002,0.11839102468512407,0.15,0.0,28.0,50.01423347792024
t2_q4_mov_cur_global_d_m050,results/profiles/t2_q4_mov_cur_global_d_m050.npz,364,321,0.0,192218.33402613428,1.0000000000000002,1.0000000000000002,1.0000000000000002,1.0000000000000002,1.0000000000000002,1.0000000000000002,0.11839727274028639,0.15,0.0,28.0,50.014541415963286
t2_q4_mov_cur_global_d_p050,results/profiles/t2_q4_mov_cur_global_d_p050.npz,345,321,0.0,176034.44318151366,1.0000000000000002,1.0000000000000002,1.0000000000000002,1.0000000000000002,1.0000000000000002,1.0000000000000002,0.11841105843668269,0.15,0.0,28.0,50.01516104603091
t2_q4_mov_cur_global_d_p100,results/profiles/t2_q4_mov_cur_global_d_p100.npz,337,321,0.0,168545.55600114874,1.0000000000000002,1.0000000000000002,1.0000000000000002,1.0000000000000002,1.0000000000000002,1.0000000000000002,0.11841866449465137,0.15,0.0,28.0,50.01547263465714
t2_q4_mov_cur_lowC_d_m100_c200_s010,results/profiles/t2_q4_mov_cur_lowC_d_m100_c200_s010.npz,367,321,0.0,194580.6519454549,0.5301619324477452,0.5316254865740954,0.0,0.9999955183879721,0.0,1.0000000000000002,0.11839963582408167,0.15,0.0,28.0,50.014850622314555
t2_q4_mov_cur_lowC_d_p100_c200_s010,results/profiles/t2_q4_mov_cur_lowC_d_p100_c200_s010.npz,343,321,0.0,174109.13523813337,0.5016960683062304,0.5033704100181381,0.0,0.9999955219093567,0.0,1.0000000000000002,0.1184092542218053,0.15,0.0,28.0,50.014850622314555
t2_q4_mov_cur_lowC_d_m100_c200_s040,results/profiles/t2_q4_mov_cur_lowC_d_m100_c200_s040.npz,366,321,0.0,193959.8489547666,0.5051089112025189,0.5313141025047539,0.0,0.9737358924933472,0.0,1.0000000000000002,0.11847859946895542,0.15,0.0,28.0,50.01485062231454
t2_q4_mov_cur_lowC_d_p100_c200_s040,results/profiles/t2_q4_mov_cur_lowC_d_p100_c200_s040.npz,344,321,0.0,174639.0046997482,0.4792847614574099,0.5038021924905072,0.0,0.9739023516433019,0.0,1.0000000000000002,0.1183299747206894,0.15,0.0,28.0,50.01485062231457
