id,task,question,moving_radius,eps_final,boundary_norm,perturb_kind,logD_delta,region_width,C_cut,C_smooth,backend,N,rtol,atol,status,solver_status,tcritical_s,tmean_s,tail_s,t_end_s,horizon_s,mass_audit_rel,mass_audit_note,max_C_end,mean_C_end,initial_dry_mass_kg,empirical_dry_mass_ratio_end,perturb_support_dry_mass_fraction,perturb_weighted_dry_mass_fraction,event_bracket_s,batch_wall_s
t1_q4_mov_cur_eps_m150,1,4,True,-0.15,current_dry_density,none,0.0,0.1,0.2,0.02,cupy,320,2e-05,1e-07,reached,reached_threshold,217091.92066856276,158798.00237248663,58293.918296076125,217091.92066856276,259200.0,0.00011111458721728008,Independent trapezoid on saved GPU samples; includes sampling error,0.15,0.12380542376031597,0.08756636424583382,0.887430699453464,0.0,0.0,"[217091.25571543648, 217092.25571543648]",385.98903058376163
t1_q4_mov_cur_eps_m100,1,4,True,-0.1,current_dry_density,none,0.0,0.1,0.2,0.02,cupy,320,2e-05,1e-07,reached,reached_threshold,205063.0692415737,147052.72019486298,58010.34904671073,205063.0692415737,259200.0,0.0001102123349666738,Independent trapezoid on saved GPU samples; includes sampling error,0.15,0.12218297584436696,0.08756636424583382,0.8892971830923946,0.0,0.0,"[205062.25571543648, 205063.25571543648]",385.98903058376163
t1_q4_mov_cur_eps_m050,1,4,True,-0.05,current_dry_density,none,0.0,0.1,0.2,0.02,cupy,320,2e-05,1e-07,reached,reached_threshold,193996.08790600637,136083.66312572453,57912.42478028184,193996.08790600637,259200.0,0.00010928546997926893,Independent trapezoid on saved GPU samples; includes sampling error,0.15,0.12038701886452813,0.08756636424583382,0.8897571215014322,0.0,0.0,"[193995.25571543648, 193996.25571543648]",385.98903058376163
t1_q4_mov_cur_eps_z000,1,4,True,0.0,current_dry_density,none,0.0,0.1,0.2,0.02,cupy,320,2e-05,1e-07,reached,reached_threshold,183918.67127343052,125889.68387967677,58028.98739375375,183918.67127343052,259200.0,0.00010835350618682332,Independent trapezoid on saved GPU samples; includes sampling error,0.15,0.11840393973564302,0.08756636424583382,0.8902912048951646,0.0,0.0,"[183918.25571543648, 183919.25571543648]",385.98903058376163
t1_q4_mov_cur_eps_p050,1,4,True,0.05,current_dry_density,none,0.0,0.1,0.2,0.02,cupy,320,2e-05,1e-07,reached,reached_threshold,174839.14034080284,116451.83210196222,58387.30823884062,174839.14034080284,259200.0,0.00010743994858578308,Independent trapezoid on saved GPU samples; includes sampling error,0.15,0.11622535938582607,0.08756636424583382,0.8908973537393657,0.0,0.0,"[174838.25571543648, 174839.25571543648]",385.98903058376163
t1_q4_mov_cur_eps_p100,1,4,True,0.1,current_dry_density,none,0.0,0.1,0.2,0.02,cupy,320,2e-05,1e-07,reached,reached_threshold,166762.69250813697,107775.7910998321,58986.90140830487,166762.69250813697,259200.0,0.00010658021026230374,Independent trapezoid on saved GPU samples; includes sampling error,0.15,0.11384732472595266,0.08756636424583382,0.8915692652391856,0.0,0.0,"[166762.25571543648, 166763.25571543648]",385.98903058376163
t1_q4_mov_cur_eps_p150,1,4,True,0.15,current_dry_density,none,0.0,0.1,0.2,0.02,cupy,320,2e-05,1e-07,reached,reached_threshold,159689.4410407866,99839.74123381726,59849.699806969336,159689.4410407866,259200.0,0.00010581910034779837,Independent trapezoid on saved GPU samples; includes sampling error,0.15,0.11127194083772896,0.08756636424583382,0.8922951546871613,0.0,0.0,"[159689.25571543648, 159690.25571543648]",385.98903058376163
t1_q4_mov_ini_eps_m150,1,4,True,-0.15,initial_dry_density,none,0.0,0.1,0.2,0.02,cupy,320,2e-05,1e-07,reached,reached_threshold,230610.4207545807,172608.1361305541,58002.28462402659,230610.4207545807,259200.0,0.00011295697609060586,Independent trapezoid on saved GPU samples; includes sampling error,0.15,0.12398082338094851,0.08756636424583382,0.8872814697589672,0.0,0.0,"[230610.25571543648, 230611.25571543648]",385.98903058376163
t1_q4_mov_ini_eps_m100,1,4,True,-0.1,initial_dry_density,none,0.0,0.1,0.2,0.02,cupy,320,2e-05,1e-07,reached,reached_threshold,219634.89461178103,161976.1160020556,57658.778609725414,219634.89461178103,259200.0,0.00011202298762201926,Independent trapezoid on saved GPU samples; includes sampling error,0.15,0.12239854935533219,0.08756636424583382,0.8876437037638927,0.0,0.0,"[219634.25571543648, 219635.25571543648]",385.98903058376163
t1_q4_mov_ini_eps_m050,1,4,True,-0.05,initial_dry_density,none,0.0,0.1,0.2,0.02,cupy,320,2e-05,1e-07,reached,reached_threshold,209597.88471910355,152098.35974441073,57499.52497469282,209597.88471910355,259200.0,0.00011110603361243154,Independent trapezoid on saved GPU samples; includes sampling error,0.15,0.12064959925225013,0.08756636424583382,0.8880750124217875,0.0,0.0,"[209597.25571543648, 209598.25571543648]",385.98903058376163
t1_q4_mov_ini_eps_z000,1,4,True,0.0,initial_dry_density,none,0.0,0.1,0.2,0.02,cupy,320,2e-05,1e-07,reached,reached_threshold,200479.49357444764,142965.3502083724,57514.14336607524,200479.49357444764,259200.0,0.00011021099937027588,Independent trapezoid on saved GPU samples; includes sampling error,0.15,0.1187259412637326,0.08756636424583382,0.8900576990284039,0.0,0.0,"[200479.25571543648, 200480.25571543648]",385.98903058376163
t1_q4_mov_ini_eps_p050,1,4,True,0.05,initial_dry_density,none,0.0,0.1,0.2,0.02,cupy,320,2e-05,1e-07,reached,reached_threshold,192284.2197387755,134566.34623059566,57717.87350817982,192284.2197387755,259200.0,0.00010934425860803657,Independent trapezoid on saved GPU samples; includes sampling error,0.15,0.11662006266393085,0.08756636424583382,0.8906266441029035,0.0,0.0,"[192283.25571543648, 192284.25571543648]",385.98903058376163
t1_q4_mov_ini_eps_p100,1,4,True,0.1,initial_dry_density,none,0.0,0.1,0.2,0.02,cupy,320,2e-05,1e-07,reached,reached_threshold,185003.92312668063,126889.41466663366,58114.50846004697,185003.92312668063,259200.0,0.00010851560852274198,Independent trapezoid on saved GPU samples; includes sampling error,0.15,0.11432958688444889,0.08756636424583382,0.8912568560157543,0.0,0.0,"[185003.25571543648, 185004.25571543648]",385.98903058376163
t1_q4_mov_ini_eps_p150,1,4,True,0.15,initial_dry_density,none,0.0,0.1,0.2,0.02,cupy,320,2e-05,1e-07,reached,reached_threshold,178623.52824026725,119913.19093551008,58710.337304757166,178623.52824026725,259200.0,0.00010773073965463702,Independent trapezoid on saved GPU samples; includes sampling error,0.15,0.11185864913836005,0.08756636424583382,0.891937023261959,0.0,0.0,"[178623.25571543648, 178624.25571543648]",385.98903058376163
t1_q3_fix_cur_eps_z000,1,3,False,0.0,current_dry_density,none,0.0,0.1,0.2,0.02,cupy,320,2e-05,1e-07,reached,reached_threshold,206906.38550188617,129689.56695340587,77216.8185484803,206906.38550188617,259200.0,0.00015552307087150956,Independent trapezoid on saved GPU samples; includes sampling error,0.15,0.12430684890728491,0.08640707230887533,2.1539494125147844,0.0,0.0,"[206906.25571543648, 206907.25571543648]",385.98903058376163
t1_q3_mov_cur_eps_z000,1,3,True,0.0,current_dry_density,none,0.0,0.1,0.2,0.02,cupy,320,2e-05,1e-07,reached,reached_threshold,90866.25131538058,62718.617655138056,28147.63366024252,90866.25131538058,259200.0,0.00015190040561106004,Independent trapezoid on saved GPU samples; includes sampling error,0.15,0.12433072464365447,0.08640707230887533,0.7792900321092884,0.0,0.0,"[90865.25571543648, 90866.25571543648]",385.98903058376163
t1_q4_fix_cur_eps_z000,1,4,False,0.0,current_dry_density,none,0.0,0.1,0.2,0.02,cupy,320,2e-05,1e-07,reached,reached_threshold,467454.7465515726,306090.56863397505,161364.17791759752,467454.7465515726,604800.0,0.0003518879708607099,Independent trapezoid on saved GPU samples; includes sampling error,0.15,0.11835218699545487,0.08756636424583382,2.4731359490044014,0.0,0.0,"[467454.51142157987, 467455.51142157987]",401.43591123167425
t2_q3_fix_cur_baseline,2,3,False,0.0,current_dry_density,none,0.0,0.1,0.2,0.02,cupy,320,2e-05,1e-07,reached,reached_threshold,206906.37119180989,129689.55266173929,77216.8185300706,206906.37119180989,259200.0,0.00015608504286729246,Independent trapezoid on saved GPU samples; includes sampling error,0.15,0.1243068489164128,0.08640707230887533,2.1539494125007357,0.0,0.0,"[206906.1113347812, 206907.1113347812]",344.03950599208474
t2_q3_fix_cur_outer_d_m100_w050,2,3,False,0.0,current_dry_density,outer,-0.1,0.05,0.2,0.02,cupy,320,2e-05,1e-07,reached,reached_threshold,208847.9288783893,131875.18135069867,76972.74752769063,208847.9288783893,259200.0,0.0001545286380999288,Independent trapezoid on saved GPU samples; includes sampling error,0.15,0.12472015086441313,0.08640707230887533,2.153310256785922,0.09773223287246903,0.09748549853149187,"[208847.1113347812, 208848.1113347812]",344.03950599208474
t2_q3_fix_cur_outer_d_m050_w050,2,3,False,0.0,current_dry_density,outer,-0.05,0.05,0.2,0.02,cupy,320,2e-05,1e-07,reached,reached_threshold,207853.06866560478,130758.40843039472,77094.66023521006,207853.06866560478,259200.0,0.00015532209170558654,Independent trapezoid on saved GPU samples; includes sampling error,0.15,0.12451111975996325,0.08640707230887533,2.1536333506771204,0.097732232872469,0.09748549853149188,"[207852.1113347812, 207853.1113347812]",344.03950599208474
t2_q3_fix_cur_outer_d_p050_w050,2,3,False,0.0,current_dry_density,outer,0.05,0.05,0.2,0.02,cupy,320,2e-05,1e-07,reached,reached_threshold,206005.41434567873,128666.33646943337,77339.07787624536,206005.41434567873,259200.0,0.00015681846225571526,Independent trapezoid on saved GPU samples; includes sampling error,0.15,0.12410728944952223,0.08640707230887533,2.154258502611758,0.09773223287246903,0.09748549853149188,"[206005.1113347812, 206006.1113347812]",344.03950599208474
t2_q3_fix_cur_outer_d_p100_w050,2,3,False,0.0,current_dry_density,outer,0.1,0.05,0.2,0.02,cupy,320,2e-05,1e-07,reached,reached_threshold,205147.900407529,127686.59742437875,77461.30298315025,205147.900407529,259200.0,0.0001575233111401423,Independent trapezoid on saved GPU samples; includes sampling error,0.15,0.12391238720338058,0.08640707230887533,2.1545606897643967,0.097732232872469,0.09748549853149188,"[205147.1113347812, 205148.1113347812]",344.03950599208474
t2_q3_fix_cur_outer_d_m100_w100,2,3,False,0.0,current_dry_density,outer,-0.1,0.1,0.2,0.02,cupy,320,2e-05,1e-07,reached,reached_threshold,210745.7374603712,133589.38724841902,77156.35021195217,210745.7374603712,259200.0,0.00015369545562581716,Independent trapezoid on saved GPU samples; includes sampling error,0.15,0.12494524623902202,0.08640707230887533,2.152970413823853,0.18827475009230463,0.18992210342358598,"[210745.1113347812, 210746.1113347812]",344.03950599208474
t2_q3_fix_cur_outer_d_m050_w100,2,3,False,0.0,current_dry_density,outer,-0.05,0.1,0.2,0.02,cupy,320,2e-05,1e-07,reached,reached_threshold,208777.47313693768,131594.762788528,77182.71034840969,208777.47313693768,259200.0,0.0001549084577555701,Independent trapezoid on saved GPU samples; includes sampling error,0.15,0.12462398671684208,0.08640707230887533,2.153462795042991,0.18827475009230457,0.18992210342358595,"[208777.1113347812, 208778.1113347812]",344.03950599208474
t2_q3_fix_cur_outer_d_p050_w100,2,3,False,0.0,current_dry_density,outer,0.05,0.1,0.2,0.02,cupy,320,2e-05,1e-07,reached,reached_threshold,205127.49459627407,127869.31847123869,77258.17612503539,205127.49459627407,259200.0,0.0001572251983028223,Independent trapezoid on saved GPU samples; includes sampling error,0.15,0.12399396046090508,0.08640707230887533,2.154430057117429,0.1882747500923046,0.18992210342358598,"[205127.1113347812, 205128.1113347812]",344.03950599208474
t2_q3_fix_cur_outer_d_p100_w100,2,3,False,0.0,current_dry_density,outer,0.1,0.1,0.2,0.02,cupy,320,2e-05,1e-07,reached,reached_threshold,203436.15652193048,126129.85052071547,77306.30600121501,203436.15652193048,259200.0,0.000158329112831738,Independent trapezoid on saved GPU samples; includes sampling error,0.15,0.12368543488545763,0.08640707230887533,2.1549045405797655,0.18827475009230463,0.18992210342358598,"[203436.1113347812, 203437.1113347812]",344.03950599208474
t2_q3_fix_cur_outer_d_m100_w200,2,3,False,0.0,current_dry_density,outer,-0.1,0.2,0.2,0.02,cupy,320,2e-05,1e-07,reached,reached_threshold,214287.5063031487,136221.49772453468,78066.00857861401,214287.5063031487,259200.0,0.0001533739755494139,Independent trapezoid on saved GPU samples; includes sampling error,0.15,0.12513800366652483,0.08640707230887533,2.1526869375890727,0.36027242659231584,0.3596737359837844,"[214287.1113347812, 214288.1113347812]",344.03950599208474
t2_q3_fix_cur_outer_d_m050_w200,2,3,False,0.0,current_dry_density,outer,-0.05,0.2,0.2,0.02,cupy,320,2e-05,1e-07,reached,reached_threshold,210502.23143108387,132875.85126331667,77626.3801677672,210502.23143108387,259200.0,0.00015473664725191406,Independent trapezoid on saved GPU samples; includes sampling error,0.15,0.12472308224738013,0.08640707230887533,2.153316828843899,0.3602724265923158,0.3596737359837844,"[210502.1113347812, 210503.1113347812]",344.03950599208474
t2_q3_fix_cur_outer_d_p050_w200,2,3,False,0.0,current_dry_density,outer,0.05,0.2,0.2,0.02,cupy,320,2e-05,1e-07,reached,reached_threshold,203490.43279907928,126654.52842593037,76835.90437314891,203490.43279907928,259200.0,0.0001574171835551296,Independent trapezoid on saved GPU samples; includes sampling error,0.15,0.1238896670181858,0.08640707230887533,2.1545841480784516,0.3602724265923158,0.35967373598378444,"[203490.1113347812, 203491.1113347812]",344.03950599208474
t2_q3_fix_cur_outer_d_p100_w200,2,3,False,0.0,current_dry_density,outer,0.1,0.2,0.2,0.02,cupy,320,2e-05,1e-07,reached,reached_threshold,200245.38036091055,123763.10670674336,76482.27365416719,200245.38036091055,259200.0,0.00015873155116700132,Independent trapezoid on saved GPU samples; includes sampling error,0.15,0.12347189681180974,0.08640707230887533,2.155220497583425,0.3602724265923158,0.3596737359837844,"[200245.1113347812, 200246.1113347812]",344.03950599208474
t2_q3_fix_cur_inner_d_m100_w050,2,3,False,0.0,current_dry_density,inner,-0.1,0.05,0.2,0.02,cupy,320,2e-05,1e-07,reached,reached_threshold,224233.22939030261,138615.71627969434,85617.51311060827,224233.22939030261,259200.0,0.00015544118977851357,Independent trapezoid on saved GPU samples; includes sampling error,0.15,0.12390936104343664,0.08640707230887533,2.15456551339953,0.902267767127531,0.9025145014685081,"[224233.1113347812, 224234.1113347812]",344.03950599208474
t2_q3_fix_cur_inner_d_m050_w050,2,3,False,0.0,current_dry_density,inner,-0.05,0.05,0.2,0.02,cupy,320,2e-05,1e-07,reached,reached_threshold,215344.4310706387,134035.5113691528,81308.9197014859,215344.4310706387,259200.0,0.00015575354709628563,Independent trapezoid on saved GPU samples; includes sampling error,0.15,0.12410576339570753,0.08640707230887533,2.154260932446855,0.9022677671275308,0.9025145014685081,"[215344.1113347812, 215345.1113347812]",344.03950599208474
t2_q3_fix_cur_inner_d_p050_w050,2,3,False,0.0,current_dry_density,inner,0.05,0.05,0.2,0.02,cupy,320,2e-05,1e-07,reached,reached_threshold,198896.7769712796,125566.31196857162,73330.46500270799,198896.7769712796,259200.0,0.00015643473416056464,Independent trapezoid on saved GPU samples; includes sampling error,0.15,0.12451267458039902,0.08640707230887533,2.1536308805015048,0.9022677671275311,0.9025145014685082,"[198896.1113347812, 198897.1113347812]",344.03950599208474
t2_q3_fix_cur_inner_d_p100_w050,2,3,False,0.0,current_dry_density,inner,0.1,0.05,0.2,0.02,cupy,320,2e-05,1e-07,reached,reached_threshold,191294.42589484033,121654.78323989939,69639.64265494094,191294.42589484033,259200.0,0.00015665044462032142,Independent trapezoid on saved GPU samples; includes sampling error,0.15,0.1247232921877426,0.08640707230887533,2.1533052716516248,0.9022677671275311,0.9025145014685081,"[191294.03535227483, 191295.03535227483]",353.4241788107902
t2_q3_fix_cur_inner_d_m100_w100,2,3,False,0.0,current_dry_density,inner,-0.1,0.1,0.2,0.02,cupy,320,2e-05,1e-07,reached,reached_threshold,222332.66466992363,136886.27173724593,85446.3929326777,222332.66466992363,259200.0,0.0001560886524782168,Independent trapezoid on saved GPU samples; includes sampling error,0.15,0.12368235514497852,0.08640707230887533,2.1549094482969195,0.8117252499076951,0.810077896576414,"[222332.03535227483, 222333.03535227483]",353.4241788107902
t2_q3_fix_cur_inner_d_m050_w100,2,3,False,0.0,current_dry_density,inner,-0.05,0.1,0.2,0.02,cupy,320,2e-05,1e-07,reached,reached_threshold,214419.29158801597,133195.37772144645,81223.91386656952,214419.29158801597,259200.0,0.00015599577139876008,Independent trapezoid on saved GPU samples; includes sampling error,0.15,0.12399242066576964,0.08640707230887533,2.1544325084882567,0.811725249907695,0.810077896576414,"[214419.03535227483, 214420.03535227483]",353.4241788107902
t2_q3_fix_cur_inner_d_p050_w100,2,3,False,0.0,current_dry_density,inner,0.05,0.1,0.2,0.02,cupy,320,2e-05,1e-07,reached,reached_threshold,199773.9048762604,126359.64279728686,73414.26207897355,199773.9048762604,259200.0,0.0001558700853380919,Independent trapezoid on saved GPU samples; includes sampling error,0.15,0.12462552702962913,0.08640707230887533,2.1534603475441934,0.8117252499076951,0.810077896576414,"[199773.03535227483, 199774.03535227483]",353.4241788107902
t2_q3_fix_cur_inner_d_p100_w100,2,3,False,0.0,current_dry_density,inner,0.1,0.1,0.2,0.02,cupy,320,2e-05,1e-07,reached,reached_threshold,193002.96919933552,123197.0348575233,69805.93434181223,193002.96919933552,259200.0,0.00015583532634213897,Independent trapezoid on saved GPU samples; includes sampling error,0.15,0.12494832791491303,0.08640707230887533,2.1529655218022823,0.8117252499076951,0.8100778965764142,"[193002.03535227483, 193003.03535227483]",353.4241788107902
t2_q3_fix_cur_inner_d_m100_w200,2,3,False,0.0,current_dry_density,inner,-0.1,0.2,0.2,0.02,cupy,320,2e-05,1e-07,reached,reached_threshold,218787.52876562596,134251.63884775093,84535.88991787503,218787.52876562596,259200.0,0.00015644593395846827,Independent trapezoid on saved GPU samples; includes sampling error,0.15,0.12346873946177625,0.08640707230887533,2.155225525284854,0.6397275734076843,0.6403262640162157,"[218787.03535227483, 218788.03535227483]",353.4241788107902
t2_q3_fix_cur_inner_d_m050_w200,2,3,False,0.0,current_dry_density,inner,-0.05,0.2,0.2,0.02,cupy,320,2e-05,1e-07,reached,reached_threshold,212693.66491820876,131913.6281427225,80780.03677548625,212693.66491820876,259200.0,0.00015617837302221314,Independent trapezoid on saved GPU samples; includes sampling error,0.15,0.12388810768044661,0.08640707230887533,2.15458662963048,0.6397275734076843,0.6403262640162157,"[212693.03535227483, 212694.03535227483]",353.4241788107902
t2_q3_fix_cur_inner_d_p050_w200,2,3,False,0.0,current_dry_density,inner,0.05,0.2,0.2,0.02,cupy,320,2e-05,1e-07,reached,reached_threshold,201410.04714938955,127573.71476884122,73836.33238054832,201410.04714938955,259200.0,0.00015567996150498865,Independent trapezoid on saved GPU samples; includes sampling error,0.15,0.12472460275533329,0.08640707230887533,2.1533144118689704,0.6397275734076843,0.6403262640162158,"[201410.03535227483, 201411.03535227483]",353.4241788107902
t2_q3_fix_cur_inner_d_p100_w200,2,3,False,0.0,current_dry_density,inner,0.1,0.2,0.2,0.02,cupy,320,2e-05,1e-07,reached,reached_threshold,196189.97361473026,125560.80333350431,70629.17028122595,196189.97361473026,259200.0,0.0001554479620807173,Independent trapezoid on saved GPU samples; includes sampling error,0.15,0.12514100568659586,0.08640707230887533,2.1526821682135195,0.6397275734076843,0.6403262640162158,"[196189.03535227483, 196190.03535227483]",353.4241788107902
t2_q3_fix_cur_lowC_d_m100_c150_s020,2,3,False,0.0,current_dry_density,lowC,-0.1,0.1,0.15,0.02,cupy,320,2e-05,1e-07,reached,reached_threshold,214270.4627733985,132925.68955644814,81344.77321695036,214270.4627733985,259200.0,0.00015592604510364605,Independent trapezoid on saved GPU samples; includes sampling error,0.15,0.12472045879310703,0.08640707230887533,2.1533254369164156,0.34795940608521114,0.34369750449209757,"[214270.03535227483, 214271.03535227483]",353.4241788107902
t2_q3_fix_cur_lowC_d_m050_c150_s020,2,3,False,0.0,current_dry_density,lowC,-0.05,0.1,0.15,0.02,cupy,320,2e-05,1e-07,reached,reached_threshold,210548.4672003692,131294.4835846919,79253.98361567731,210548.4672003692,259200.0,0.00015592460976064033,Independent trapezoid on saved GPU samples; includes sampling error,0.15,0.12451425821509157,0.08640707230887533,2.153636488415647,0.3467523701737847,0.3421984959420952,"[210548.03535227483, 210549.03535227483]",353.4241788107902
t2_q3_fix_cur_lowC_d_p050_c150_s020,2,3,False,0.0,current_dry_density,lowC,0.05,0.1,0.15,0.02,cupy,320,2e-05,1e-07,reached,reached_threshold,203342.28412687214,128110.41448290148,75231.86964397065,203342.28412687214,259200.0,0.0001559214586845066,Independent trapezoid on saved GPU samples; includes sampling error,0.15,0.12409823883334492,0.08640707230887533,2.1542641979941908,0.3444765452156169,0.33920785196349706,"[203342.03535227483, 203343.03535227483]",353.4241788107902
t2_q3_fix_cur_lowC_d_p100_c150_s020,2,3,False,0.0,current_dry_density,lowC,0.1,0.1,0.15,0.02,cupy,320,2e-05,1e-07,reached,reached_threshold,199854.4891708198,126556.72859730442,73297.76057351539,199854.4891708198,259200.0,0.00015591951497459,Independent trapezoid on saved GPU samples; includes sampling error,0.15,0.12388843670129614,0.08640707230887533,2.1545808324962765,0.3433846843448504,0.3377152318345374,"[199854.03535227483, 199855.03535227483]",353.4241788107902
t2_q3_fix_cur_lowC_d_m100_c200_s020,2,3,False,0.0,current_dry_density,lowC,-0.1,0.1,0.2,0.02,cupy,320,2e-05,1e-07,reached,reached_threshold,220890.04592551992,135750.38727577863,85139.6586497413,220890.04592551992,259200.0,0.00015593498441334187,Independent trapezoid on saved GPU samples; includes sampling error,0.15,0.12431533352588924,0.08640707230887533,2.153936834255598,0.6315853399397025,0.6212858740497543,"[220890.03535227483, 220891.03535227483]",353.4241788107902
t2_q3_fix_cur_lowC_d_m050_c200_s020,2,3,False,0.0,current_dry_density,lowC,-0.05,0.1,0.2,0.02,cupy,320,2e-05,1e-07,reached,reached_threshold,213743.37282448,132662.6609119531,81080.7119125269,213743.37282448,259200.0,0.00015592930492556843,Independent trapezoid on saved GPU samples; includes sampling error,0.15,0.12431107153437192,0.08640707230887533,2.15394315684535,0.6240667762539442,0.613974035419905,"[213743.03535227483, 213744.03535227483]",353.4241788107902
t2_q3_fix_cur_lowC_d_p050_c200_s020,2,3,False,0.0,current_dry_density,lowC,0.05,0.1,0.2,0.02,cupy,320,2e-05,1e-07,reached,reached_threshold,200364.98020543891,126826.39802718036,73538.58217825856,200364.98020543891,259200.0,0.0001559165727934628,Independent trapezoid on saved GPU samples; includes sampling error,0.15,0.12430267209909601,0.08640707230887533,2.153955590895261,0.6091124898182932,0.5991688090508533,"[200364.03535227483, 200365.03535227483]",353.4241788107902
t2_q3_fix_cur_lowC_d_p100_c200_s020,2,3,False,0.0,current_dry_density,lowC,0.1,0.1,0.2,0.02,cupy,320,2e-05,1e-07,reached,reached_threshold,194105.96378605955,124068.90904134669,70037.05474471286,194105.96378605955,259200.0,0.00015573360603506327,Independent trapezoid on saved GPU samples; includes sampling error,0.15,0.12429854832892978,0.08640707230887533,2.1539616804062933,0.601469799040307,0.5916810757432646,"[194104.9970354256, 194105.9970354256]",376.1366449864581
t2_q3_fix_cur_lowC_d_m100_c300_s020,2,3,False,0.0,current_dry_density,lowC,-0.1,0.1,0.3,0.02,cupy,320,2e-05,1e-07,reached,reached_threshold,223717.9418401609,138371.7469868378,85346.1948533231,223717.9418401609,259200.0,0.00015575735504369176,Independent trapezoid on saved GPU samples; includes sampling error,0.15,0.12430399682394908,0.08640707230887533,2.1539539510120016,0.7781861748914789,0.7770289978291407,"[223716.9970354256, 223717.9970354256]",376.1366449864581
t2_q3_fix_cur_lowC_d_m050_c300_s020,2,3,False,0.0,current_dry_density,lowC,-0.05,0.1,0.3,0.02,cupy,320,2e-05,1e-07,reached,reached_threshold,215106.57364751358,133926.56028835525,81180.01335915833,215106.57364751358,259200.0,0.0001557543939777967,Independent trapezoid on saved GPU samples; includes sampling error,0.15,0.12430537040287026,0.08640707230887533,2.1539517648740722,0.7712999259958047,0.7701138223009688,"[215105.9970354256, 215106.9970354256]",376.1366449864581
t2_q3_fix_cur_lowC_d_p050_c300_s020,2,3,False,0.0,current_dry_density,lowC,0.05,0.1,0.3,0.02,cupy,320,2e-05,1e-07,reached,reached_threshold,199098.05920638045,125651.36467363196,73446.69453274849,199098.05920638045,259200.0,0.00015574657929805607,Independent trapezoid on saved GPU samples; includes sampling error,0.15,0.12430844218419422,0.08640707230887533,2.1539468784220297,0.7570192160516793,0.7557582447727041,"[199097.9970354256, 199098.9970354256]",376.1366449864581
t2_q3_fix_cur_lowC_d_p100_c300_s020,2,3,False,0.0,current_dry_density,lowC,0.1,0.1,0.3,0.02,cupy,320,2e-05,1e-07,reached,reached_threshold,191663.24003931062,121803.03534292539,69860.20469638523,191663.24003931062,259200.0,0.00015574192523263187,Independent trapezoid on saved GPU samples; includes sampling error,0.15,0.12431016109093852,0.08640707230887533,2.153944145499005,0.7496156849582459,0.7483182374298998,"[191662.9970354256, 191663.9970354256]",376.1366449864581
t2_q3_fix_cur_global_d_m100,2,3,False,0.0,current_dry_density,global,-0.1,0.1,0.2,0.02,cupy,320,2e-05,1e-07,reached,reached_threshold,226184.42526136426,140837.8019932721,85346.62326809217,226184.42526136426,259200.0,0.0001535730882570288,Independent trapezoid on saved GPU samples; includes sampling error,0.15,0.12430398574656333,0.08640707230887533,2.1539539677742887,0.9999999999999999,0.9999999999999999,"[226183.9970354256, 226184.9970354256]",376.1366449864581
t2_q3_fix_cur_global_d_m050,2,3,False,0.0,current_dry_density,global,-0.05,0.1,0.2,0.02,cupy,320,2e-05,1e-07,reached,reached_threshold,216293.54135448678,135113.31985282942,81180.22150165736,216293.54135448678,259200.0,0.00015466001374068704,Independent trapezoid on saved GPU samples; includes sampling error,0.15,0.12430536474540103,0.08640707230887533,2.15395177343508,0.9999999999999999,0.9999999999999999,"[216292.9970354256, 216293.9970354256]",376.1366449864581
t2_q3_fix_cur_global_d_p050,2,3,False,0.0,current_dry_density,global,0.05,0.1,0.2,0.02,cupy,320,2e-05,1e-07,reached,reached_threshold,197998.22400256948,124551.72642780481,73446.49757476467,197998.22400256948,259200.0,0.00015684423261737784,Independent trapezoid on saved GPU samples; includes sampling error,0.15,0.12430844810469241,0.08640707230887533,2.1539468694628963,0.9999999999999999,0.9999999999999999,"[197997.9970354256, 197998.9970354256]",376.1366449864581
t2_q3_fix_cur_global_d_p100,2,3,False,0.0,current_dry_density,global,0.1,0.1,0.2,0.02,cupy,320,2e-05,1e-07,reached,reached_threshold,189545.53623662994,119685.71551874197,69859.82071788797,189545.53623662994,259200.0,0.00015793919184544432,Independent trapezoid on saved GPU samples; includes sampling error,0.15,0.12431017321817045,0.08640707230887533,2.1539441271475823,0.9999999999999999,0.9999999999999999,"[189544.9970354256, 189545.9970354256]",376.1366449864581
t2_q3_fix_cur_lowC_d_m100_c200_s010,2,3,False,0.0,current_dry_density,lowC,-0.1,0.1,0.2,0.01,cupy,320,2e-05,1e-07,reached,reached_threshold,221064.48895905804,135814.10010124298,85250.38885781507,221064.48895905804,259200.0,0.00015577220852890306,Independent trapezoid on saved GPU samples; includes sampling error,0.15,0.12430671771846145,0.08640707230887533,2.1539498338969167,0.6313478390108842,0.629107670402849,"[221063.9970354256, 221064.9970354256]",376.1366449864581
t2_q3_fix_cur_lowC_d_p100_c200_s010,2,3,False,0.0,current_dry_density,lowC,0.1,0.1,0.2,0.01,cupy,320,2e-05,1e-07,reached,reached_threshold,193955.02897912232,124009.44789485446,69945.58108426786,193955.02897912232,259200.0,0.0001557266184867906,Independent trapezoid on saved GPU samples; includes sampling error,0.15,0.12430721843664486,0.08640707230887533,2.153948598299432,0.6017359813403292,0.5992571104426622,"[193954.9970354256, 193955.9970354256]",376.1366449864581
t2_q3_fix_cur_lowC_d_m100_c200_s040,2,3,False,0.0,current_dry_density,lowC,-0.1,0.1,0.2,0.04,cupy,320,2e-05,1e-07,reached,reached_threshold,220110.57633789926,135548.6960952017,84561.88024269755,220110.57633789926,259200.0,0.0001557576455639211,Independent trapezoid on saved GPU samples; includes sampling error,0.15,0.12436900494196515,0.08640707230887533,2.1538556428948468,0.630778875826032,0.5918517982079768,"[220109.9970354256, 220110.9970354256]",376.1366449864581
t2_q3_fix_cur_lowC_d_p100_c200_s040,2,3,False,0.0,current_dry_density,lowC,0.1,0.1,0.2,0.04,cupy,320,2e-05,1e-07,reached,reached_threshold,194757.19713022647,124241.96319852048,70515.233931706,194757.19713022647,259200.0,0.0001557417573932923,Independent trapezoid on saved GPU samples; includes sampling error,0.15,0.12424467318696644,0.08640707230887533,2.154043186363521,0.6023382144148084,0.5657941405367715,"[194756.9970354256, 194757.9970354256]",376.1366449864581
t2_q4_mov_cur_baseline,2,4,True,0.0,current_dry_density,none,0.0,0.1,0.2,0.02,cupy,320,2e-05,1e-07,reached,reached_threshold,183918.654978427,125889.6679292455,58028.987049181495,183918.654978427,259200.0,0.00010904817707724966,Independent trapezoid on saved GPU samples; includes sampling error,0.15,0.11840393974655553,0.08756636424583382,0.8902912048874507,0.0,0.0,"[183917.9970354256, 183918.9970354256]",376.1366449864581
t2_q4_mov_cur_outer_d_m100_w050,2,4,True,0.0,current_dry_density,outer,-0.1,0.05,0.2,0.02,cupy,320,2e-05,1e-07,reached,reached_threshold,185647.63862514865,127787.66841767963,57859.97020746903,185647.63862514865,259200.0,0.00010573467448639568,Independent trapezoid on saved GPU samples; includes sampling error,0.15,0.11886500189628131,0.08756636424583382,0.889962029568642,0.09773223287246902,0.09748549853149188,"[185646.9970354256, 185647.9970354256]",376.1366449864581
t2_q4_mov_cur_outer_d_m050_w050,2,4,True,0.0,current_dry_density,outer,-0.05,0.05,0.2,0.02,cupy,320,2e-05,1e-07,reached,reached_threshold,184761.68612315448,126817.10734204871,57944.57878110577,184761.68612315448,259200.0,0.00010740884791133721,Independent trapezoid on saved GPU samples; includes sampling error,0.15,0.11863140092463181,0.08756636424583382,0.8901287236549854,0.09773223287246902,0.0974854985314919,"[184760.9970354256, 184761.9970354256]",376.1366449864581
t2_q4_mov_cur_outer_d_p050_w050,2,4,True,0.0,current_dry_density,outer,0.05,0.05,0.2,0.02,cupy,320,2e-05,1e-07,reached,reached_threshold,183116.4242259485,125002.94853538644,58113.475690562045,183116.4242259485,259200.0,0.00011011606894389922,Independent trapezoid on saved GPU samples; includes sampling error,0.15,0.11818253399230538,0.08756636424583382,0.8904495233644498,0.09773223287246902,0.0974854985314919,"[183115.47516522277, 183116.47516522277]",335.8426610548049
t2_q4_mov_cur_outer_d_p100_w050,2,4,True,0.0,current_dry_density,outer,0.1,0.05,0.2,0.02,cupy,320,2e-05,1e-07,reached,reached_threshold,182352.84872242046,124154.48258745673,58198.366134963726,182352.84872242046,259200.0,0.00011170396271770654,Independent trapezoid on saved GPU samples; includes sampling error,0.15,0.11796709389862464,0.08756636424583382,0.8906037333033063,0.09773223287246902,0.09748549853149188,"[182352.47516522277, 182353.47516522277]",335.8426610548049
t2_q4_mov_cur_outer_d_m100_w100,2,4,True,0.0,current_dry_density,outer,-0.1,0.1,0.2,0.02,cupy,320,2e-05,1e-07,reached,reached_threshold,187346.2021300362,129369.89006883877,57976.31206119743,187346.2021300362,259200.0,0.00010469066447629677,Independent trapezoid on saved GPU samples; includes sampling error,0.15,0.11913680373645025,0.08756636424583382,0.8897725529689037,0.1882747500923046,0.189922103423586,"[187345.47516522277, 187346.47516522277]",335.8426610548049
t2_q4_mov_cur_outer_d_m050_w100,2,4,True,0.0,current_dry_density,outer,-0.05,0.1,0.2,0.02,cupy,320,2e-05,1e-07,reached,reached_threshold,185588.98303185444,127588.90969518367,58000.07333667077,185588.98303185444,259200.0,0.0001065885263767024,Independent trapezoid on saved GPU samples; includes sampling error,0.15,0.1187673551349884,0.08756636424583382,0.8900338541952999,0.18827475009230463,0.189922103423586,"[185588.47516522277, 185589.47516522277]",335.8426610548049
t2_q4_mov_cur_outer_d_p050_w100,2,4,True,0.0,current_dry_density,outer,0.05,0.1,0.2,0.02,cupy,320,2e-05,1e-07,reached,reached_threshold,182330.91613170816,124266.83910806119,58064.07702364697,182330.91613170816,259200.0,0.00011039441590949887,Independent trapezoid on saved GPU samples; includes sampling error,0.15,0.11804668331175261,0.08756636424583382,0.8905445046511933,0.18827475009230465,0.18992210342358598,"[182330.47516522277, 182331.47516522277]",335.8426610548049
t2_q4_mov_cur_outer_d_p100_w100,2,4,True,0.0,current_dry_density,outer,0.1,0.1,0.2,0.02,cupy,320,2e-05,1e-07,reached,reached_threshold,180821.41765744006,122716.71904595182,58104.698611488246,180821.41765744006,259200.0,0.00011229527172100443,Independent trapezoid on saved GPU samples; includes sampling error,0.15,0.11769569319839875,0.08756636424583382,0.8907936657236155,0.1882747500923046,0.18992210342358595,"[180820.47516522277, 180821.47516522277]",335.8426610548049
t2_q4_mov_cur_outer_d_m100_w200,2,4,True,0.0,current_dry_density,outer,-0.1,0.2,0.2,0.02,cupy,320,2e-05,1e-07,reached,reached_threshold,190536.86101321218,131919.24599647018,58617.615016742,190536.86101321218,259200.0,0.0001054333793682904,Independent trapezoid on saved GPU samples; includes sampling error,0.15,0.11938796397603159,0.08756636424583382,0.8896021903389411,0.3602724265923158,0.35967373598378444,"[190536.47516522277, 190537.47516522277]",335.8426610548049
t2_q4_mov_cur_outer_d_m050_w200,2,4,True,0.0,current_dry_density,outer,-0.05,0.2,0.2,0.02,cupy,320,2e-05,1e-07,reached,reached_threshold,187142.8686687522,128830.50508096181,58312.36358779039,187142.8686687522,259200.0,0.00010695007208904269,Independent trapezoid on saved GPU samples; includes sampling error,0.15,0.11889598743386516,0.08756636424583382,0.8899464521343424,0.3602724265923158,0.35967373598378444,"[187142.47516522277, 187143.47516522277]",335.8426610548049
t2_q4_mov_cur_outer_d_p050_w200,2,4,True,0.0,current_dry_density,outer,0.05,0.2,0.2,0.02,cupy,320,2e-05,1e-07,reached,reached_threshold,180855.87137902103,123086.1195201029,57769.75185891813,180855.87137902103,259200.0,0.00011005409158356835,Independent trapezoid on saved GPU samples; includes sampling error,0.15,0.11791229659058865,0.08756636424583382,0.8906361184717526,0.36027242659231584,0.3596737359837844,"[180855.47516522277, 180856.47516522277]",335.8426610548049
t2_q4_mov_cur_outer_d_p100_w200,2,4,True,0.0,current_dry_density,outer,0.1,0.2,0.2,0.02,cupy,320,2e-05,1e-07,reached,reached_threshold,177946.29945467808,120415.00288069836,57531.29657397972,177946.29945467808,259200.0,0.00011164006018785575,Independent trapezoid on saved GPU samples; includes sampling error,0.15,0.11742152530383092,0.08756636424583382,0.8909808669963615,0.36027242659231584,0.3596737359837844,"[177945.47516522277, 177946.47516522277]",335.8426610548049
t2_q4_mov_cur_inner_d_m100_w050,2,4,True,0.0,current_dry_density,inner,-0.1,0.05,0.2,0.02,cupy,320,2e-05,1e-07,reached,reached_threshold,199223.08406346093,134886.67247812,64336.411585340946,199223.08406346093,259200.0,0.00011007105958346118,Independent trapezoid on saved GPU samples; includes sampling error,0.15,0.11795360583775494,0.08756636424583382,0.8906135792702707,0.9022677671275311,0.9025145014685081,"[199222.47516522277, 199223.47516522277]",335.8426610548049
t2_q4_mov_cur_inner_d_m050_w050,2,4,True,0.0,current_dry_density,inner,-0.05,0.05,0.2,0.02,cupy,320,2e-05,1e-07,reached,reached_threshold,191374.69476349352,130272.99336910498,61101.70139438854,191374.69476349352,259200.0,0.00010927067631874153,Independent trapezoid on saved GPU samples; includes sampling error,0.15,0.11817571953752856,0.08756636424583382,0.8904544925968392,0.9022677671275311,0.9025145014685081,"[191374.47516522277, 191375.47516522277]",335.8426610548049
t2_q4_mov_cur_inner_d_p050_w050,2,4,True,0.0,current_dry_density,inner,0.05,0.05,0.2,0.02,cupy,320,2e-05,1e-07,reached,reached_threshold,176836.09895275248,121720.2574270698,55115.841525682685,176836.09895275248,259200.0,0.00010773299615151096,Independent trapezoid on saved GPU samples; includes sampling error,0.15,0.11863836310055476,0.08756636424583382,0.8901236573591396,0.902267767127531,0.9025145014685083,"[176835.47516522277, 176836.47516522277]",335.8426610548049
t2_q4_mov_cur_inner_d_p100_w050,2,4,True,0.0,current_dry_density,inner,0.1,0.05,0.2,0.02,cupy,320,2e-05,1e-07,reached,reached_threshold,170108.79514689185,117758.85426986808,52349.940877023764,170108.79514689185,259200.0,0.0001070009167685635,Independent trapezoid on saved GPU samples; includes sampling error,0.15,0.11887908095414634,0.08756636424583382,0.8899517952839894,0.9022677671275309,0.9025145014685081,"[170108.47516522277, 170109.47516522277]",335.8426610548049
t2_q4_mov_cur_inner_d_m100_w100,2,4,True,0.0,current_dry_density,inner,-0.1,0.1,0.2,0.02,cupy,320,2e-05,1e-07,reached,reached_threshold,197527.92772903194,133297.3836217984,64230.54410723355,197527.92772903194,259200.0,0.00011058244840899415,Independent trapezoid on saved GPU samples; includes sampling error,0.15,0.11768196681626483,0.08756636424583382,0.8908036854342871,0.8117252499076951,0.810077896576414,"[197527.47516522277, 197528.47516522277]",335.8426610548049
t2_q4_mov_cur_inner_d_m050_w100,2,4,True,0.0,current_dry_density,inner,-0.05,0.1,0.2,0.02,cupy,320,2e-05,1e-07,reached,reached_threshold,190548.23110407632,129499.47426480279,61048.75683927353,190548.23110407632,259200.0,0.00010952834023788374,Independent trapezoid on saved GPU samples; includes sampling error,0.15,0.11803980789137748,0.08756636424583382,0.8905495182612001,0.811725249907695,0.8100778965764142,"[190547.47516522277, 190548.47516522277]",335.8426610548049
t2_q4_mov_cur_inner_d_p050_w100,2,4,True,0.0,current_dry_density,inner,0.05,0.1,0.2,0.02,cupy,320,2e-05,1e-07,reached,reached_threshold,177622.28392377868,122454.79935999651,55167.48456378217,177622.28392377868,259200.0,0.000107615251137949,Independent trapezoid on saved GPU samples; includes sampling error,0.15,0.11877425343215364,0.08756636424583382,0.8900288342540995,0.811725249907695,0.8100778965764142,"[177621.95804885717, 177622.95804885717]",335.5713909436017
t2_q4_mov_cur_inner_d_p100_w100,2,4,True,0.0,current_dry_density,inner,0.1,0.1,0.2,0.02,cupy,320,2e-05,1e-07,reached,reached_threshold,171642.74985353198,119189.65330047753,52453.09655305445,171642.74985353198,259200.0,0.0001066134828057677,Independent trapezoid on saved GPU samples; includes sampling error,0.15,0.11915062109929997,0.08756636424583382,0.8897625082907444,0.811725249907695,0.8100778965764142,"[171641.95804885717, 171642.95804885717]",335.5713909436017
t2_q4_mov_cur_inner_d_m100_w200,2,4,True,0.0,current_dry_density,inner,-0.1,0.2,0.2,0.02,cupy,320,2e-05,1e-07,reached,reached_threshold,194342.15101388266,130749.30230737578,63592.84870650688,194342.15101388266,259200.0,0.00011002276098397157,Independent trapezoid on saved GPU samples; includes sampling error,0.15,0.11740746392985223,0.08756636424583382,0.8909911256562579,0.6397275734076844,0.6403262640162157,"[194341.95804885717, 194342.95804885717]",335.5713909436017
t2_q4_mov_cur_inner_d_m050_w200,2,4,True,0.0,current_dry_density,inner,-0.05,0.2,0.2,0.02,cupy,320,2e-05,1e-07,reached,reached_threshold,188995.4776882686,128258.1348156475,60737.34287262111,188995.4776882686,259200.0,0.00010932412053718727,Independent trapezoid on saved GPU samples; includes sampling error,0.15,0.11790533676544038,0.08756636424583382,0.89064119220116,0.6397275734076844,0.6403262640162157,"[188994.95804885717, 188995.95804885717]",335.5713909436017
t2_q4_mov_cur_inner_d_p050_w200,2,4,True,0.0,current_dry_density,inner,0.05,0.2,0.2,0.02,cupy,320,2e-05,1e-07,reached,reached_threshold,179098.30423120968,123635.66492184578,55462.639309363905,179098.30423120968,259200.0,0.00010796470228502806,Independent trapezoid on saved GPU samples; includes sampling error,0.15,0.1189028001661242,0.08756636424583382,0.8899414929657874,0.6397275734076843,0.6403262640162157,"[179097.95804885717, 179098.95804885717]",335.5713909436017
t2_q4_mov_cur_inner_d_p100_w200,2,4,True,0.0,current_dry_density,inner,0.1,0.2,0.2,0.02,cupy,320,2e-05,1e-07,reached,reached_threshold,174521.44805299185,121491.72664518247,53029.72140780938,174521.44805299185,259200.0,0.00010730666473776285,Independent trapezoid on saved GPU samples; includes sampling error,0.15,0.11940143717179584,0.08756636424583382,0.8895923897633072,0.6397275734076844,0.6403262640162157,"[174520.95804885717, 174521.95804885717]",335.5713909436017
t2_q4_mov_cur_lowC_d_m100_c150_s020,2,4,True,0.0,current_dry_density,lowC,-0.1,0.1,0.15,0.02,cupy,320,2e-05,1e-07,reached,reached_threshold,189721.996302865,128570.18430594433,61151.811996920675,189721.996302865,259200.0,0.00010864908561745735,Independent trapezoid on saved GPU samples; includes sampling error,0.15,0.11890481398133898,0.08756636424583382,0.8899441361575041,0.3101790500604667,0.3068423898971219,"[189721.95804885717, 189722.95804885717]",335.5713909436017
t2_q4_mov_cur_lowC_d_m050_c150_s020,2,4,True,0.0,current_dry_density,lowC,-0.05,0.1,0.15,0.02,cupy,320,2e-05,1e-07,reached,reached_threshold,186790.72990872612,127220.65605889767,59570.07384982845,186790.72990872612,259200.0,0.00010864397566490267,Independent trapezoid on saved GPU samples; includes sampling error,0.15,0.11865492305539872,0.08756636424583382,0.8901172783443569,0.3090385096407584,0.30539384337049247,"[186789.95804885717, 186790.95804885717]",335.5713909436017
t2_q4_mov_cur_lowC_d_p050_c150_s020,2,4,True,0.0,current_dry_density,lowC,0.05,0.1,0.15,0.02,cupy,320,2e-05,1e-07,reached,reached_threshold,181104.55638879788,124576.1917735125,56528.364615285376,181104.55638879788,259200.0,0.00010863117852559171,Independent trapezoid on saved GPU samples; includes sampling error,0.15,0.1181518920833114,0.08756636424583382,0.890465896480813,0.30683653732759164,0.3025317548481258,"[181103.95804885717, 181104.95804885717]",335.5713909436017
t2_q4_mov_cur_lowC_d_p100_c150_s020,2,4,True,0.0,current_dry_density,lowC,0.1,0.1,0.15,0.02,cupy,320,2e-05,1e-07,reached,reached_threshold,178347.03202149435,123279.6484426026,55067.38357889175,178347.03202149435,259200.0,0.00010862420822471599,Independent trapezoid on saved GPU samples; includes sampling error,0.15,0.1178988101903251,0.08756636424583382,0.890641332323399,0.3056938149959685,0.3011168611829718,"[178346.95804885717, 178347.95804885717]",335.5713909436017
t2_q4_mov_cur_lowC_d_m100_c200_s020,2,4,True,0.0,current_dry_density,lowC,-0.1,0.1,0.2,0.02,cupy,320,2e-05,1e-07,reached,reached_threshold,194467.58445894456,130577.6772239018,63889.90723504276,194467.58445894456,259200.0,0.00010865164941341176,Independent trapezoid on saved GPU samples; includes sampling error,0.15,0.11841146889123833,0.08756636424583382,0.8902864014237958,0.5319226718557742,0.5250118452190072,"[194466.95804885717, 194467.95804885717]",335.5713909436017
t2_q4_mov_cur_lowC_d_m050_c200_s020,2,4,True,0.0,current_dry_density,lowC,-0.05,0.1,0.2,0.02,cupy,320,2e-05,1e-07,reached,reached_threshold,189083.21124352972,128195.67508320764,60887.53616032208,189083.21124352972,259200.0,0.00010864516165152534,Independent trapezoid on saved GPU samples; includes sampling error,0.15,0.11840760076947943,0.08756636424583382,0.8902888813599891,0.5247358995359483,0.5178364002546528,"[189082.95804885717, 189083.95804885717]",335.5713909436017
t2_q4_mov_cur_lowC_d_p050_c200_s020,2,4,True,0.0,current_dry_density,lowC,0.05,0.1,0.2,0.02,cupy,320,2e-05,1e-07,reached,reached_threshold,178964.20053010172,123654.46529836052,55309.7352317412,178964.20053010172,259200.0,0.00010862975694335539,Independent trapezoid on saved GPU samples; includes sampling error,0.15,0.11840050675388461,0.08756636424583382,0.8902933565966984,0.5102583935743498,0.5035718175687157,"[178963.95804885717, 178964.95804885717]",335.5713909436017
t2_q4_mov_cur_lowC_d_p100_c200_s020,2,4,True,0.0,current_dry_density,lowC,0.1,0.1,0.2,0.02,cupy,320,2e-05,1e-07,reached,reached_threshold,174210.37990374406,121488.48513729127,52721.894766452795,174210.37990374406,259200.0,0.00010861983492529555,Independent trapezoid on saved GPU samples; includes sampling error,0.15,0.11839732501102479,0.08756636424583382,0.8902953194198556,0.5033009653602768,0.4964899578706077,"[174209.95804885717, 174210.95804885717]",335.5713909436017
t2_q4_mov_cur_lowC_d_m100_c300_s020,2,4,True,0.0,current_dry_density,lowC,-0.1,0.1,0.3,0.02,cupy,320,2e-05,1e-07,reached,reached_threshold,197126.9636328871,132979.51488171032,64147.448751176795,197126.9636328871,259200.0,0.0001086552430082332,Independent trapezoid on saved GPU samples; includes sampling error,0.15,0.11839112514731312,0.08756636424583382,0.8903005451521127,0.6860244126432331,0.6848169939428339,"[197126.95804885717, 197127.95804885717]",335.5713909436017
t2_q4_mov_cur_lowC_d_m050_c300_s020,2,4,True,0.0,current_dry_density,lowC,-0.05,0.1,0.3,0.02,cupy,320,2e-05,1e-07,reached,reached_threshold,190369.1172057252,129357.25342261064,61011.86378311456,190369.1172057252,259200.0,0.00010864704992108607,Independent trapezoid on saved GPU samples; includes sampling error,0.15,0.11839732400781716,0.08756636424583382,0.8902960263729017,0.6784930019885119,0.67737532693025,"[190368.95804885717, 190369.95804885717]",335.5713909436017
t2_q4_mov_cur_lowC_d_p050_c300_s020,2,4,True,0.0,current_dry_density,lowC,0.05,0.1,0.3,0.02,cupy,320,2e-05,1e-07,reached,reached_threshold,177761.3516655635,122565.81128640487,55195.54037915863,177761.3516655635,259200.0,0.00010869507924140157,Independent trapezoid on saved GPU samples; includes sampling error,0.15,0.11841100510655714,0.08756636424583382,0.8902860570392878,0.6634692021847515,0.6622482270537154,"[177761.04329665107, 177762.04329665107]",315.9165716767311
t2_q4_mov_cur_lowC_d_p100_c300_s020,2,4,True,0.0,current_dry_density,lowC,0.1,0.1,0.3,0.02,cupy,320,2e-05,1e-07,reached,reached_threshold,171883.54579779366,119382.32972364275,52501.216074150914,171883.54579779366,259200.0,0.00010868664655094532,Independent trapezoid on saved GPU samples; includes sampling error,0.15,0.11841855592931136,0.08756636424583382,0.890280556946267,0.655883289233639,0.6545694040950438,"[171883.04329665107, 171884.04329665107]",315.9165716767311
t2_q4_mov_cur_global_d_m100,2,4,True,0.0,current_dry_density,global,-0.1,0.1,0.2,0.02,cupy,320,2e-05,1e-07,reached,reached_threshold,200954.59282754944,136804.72941573052,64149.86341181892,200954.59282754944,259200.0,0.00010698421756642911,Independent trapezoid on saved GPU samples; includes sampling error,0.15,0.11839102468512405,0.08756636424583382,0.8903006151493634,0.9999999999999999,0.9999999999999999,"[200954.04329665107, 200955.04329665107]",315.9165716767311
t2_q4_mov_cur_global_d_m050,2,4,True,0.0,current_dry_density,global,-0.05,0.1,0.2,0.02,cupy,320,2e-05,1e-07,reached,reached_threshold,192218.33402613428,131205.30394974578,61013.0300763885,192218.33402613428,259200.0,0.00010783770196267105,Independent trapezoid on saved GPU samples; includes sampling error,0.15,0.11839727274028637,0.08756636424583382,0.8902960620937824,0.9999999999999999,0.9999999999999999,"[192218.04329665107, 192219.04329665107]",315.9165716767311
t2_q4_mov_cur_global_d_p050,2,4,True,0.0,current_dry_density,global,0.05,0.1,0.2,0.02,cupy,320,2e-05,1e-07,reached,reached_threshold,176034.44318151366,120837.1439336231,55197.299247890565,176034.44318151366,259200.0,0.0001095809838429013,Independent trapezoid on saved GPU samples; includes sampling error,0.15,0.11841105843668268,0.08756636424583382,0.8902860198810114,0.9999999999999999,0.9999999999999999,"[176034.04329665107, 176035.04329665107]",315.9165716767311
t2_q4_mov_cur_global_d_p100,2,4,True,0.0,current_dry_density,global,0.1,0.1,0.2,0.02,cupy,320,2e-05,1e-07,reached,reached_threshold,168545.55600114874,116040.9498805295,52504.60612061924,168545.55600114874,259200.0,0.00011047642191351387,Independent trapezoid on saved GPU samples; includes sampling error,0.15,0.11841866449465135,0.08756636424583382,0.8902804813022243,0.9999999999999998,0.9999999999999998,"[168545.04329665107, 168546.04329665107]",315.9165716767311
t2_q4_mov_cur_lowC_d_m100_c200_s010,2,4,True,0.0,current_dry_density,lowC,-0.1,0.1,0.2,0.01,cupy,320,2e-05,1e-07,reached,reached_threshold,194580.6519454549,130604.50807987122,63976.1438655837,194580.6519454549,259200.0,0.00010872630099978556,Independent trapezoid on saved GPU samples; includes sampling error,0.15,0.11839963582408164,0.08756636424583382,0.8902946159978736,0.5316254865740954,0.5301619324477451,"[194580.04329665107, 194581.04329665107]",315.9165716767311
t2_q4_mov_cur_lowC_d_p100_c200_s010,2,4,True,0.0,current_dry_density,lowC,0.1,0.1,0.2,0.01,cupy,320,2e-05,1e-07,reached,reached_threshold,174109.13523813337,121458.18128306036,52650.95395507301,174109.13523813337,259200.0,0.00010867516676743683,Independent trapezoid on saved GPU samples; includes sampling error,0.15,0.11840925422180529,0.08756636424583382,0.8902870375123316,0.5033704100181381,0.5016960683062304,"[174109.04329665107, 174110.04329665107]",315.9165716767311
t2_q4_mov_cur_lowC_d_m100_c200_s040,2,4,True,0.0,current_dry_density,lowC,-0.1,0.1,0.2,0.04,cupy,320,2e-05,1e-07,reached,reached_threshold,193959.8489547666,130479.21655939317,63480.63239537344,193959.8489547666,259200.0,0.00010871868617317546,Independent trapezoid on saved GPU samples; includes sampling error,0.15,0.11847859946895538,0.08756636424583382,0.8902397063000248,0.5313141025047536,0.5051089112025188,"[193959.04329665107, 193960.04329665107]",315.9165716767311
t2_q4_mov_cur_lowC_d_p100_c200_s040,2,4,True,0.0,current_dry_density,lowC,0.1,0.1,0.2,0.04,cupy,320,2e-05,1e-07,reached,reached_threshold,174639.0046997482,121579.41233449469,53059.59236525353,174639.0046997482,259200.0,0.00010868295793873826,Independent trapezoid on saved GPU samples; includes sampling error,0.15,0.11832997472068937,0.08756636424583382,0.8903421725641978,0.5038021924905071,0.47928476145740984,"[174638.04329665107, 174639.04329665107]",315.9165716767311
